Data_Source,Dataset,Method,N_Splits,Accuracy,Balanced_Accuracy,AUROC,NLL,F1,Total Runtime,Hydra_Transform_Runtime,MultiROCKET_Transform_Runtime,Fit_Runtime,Predict_Runtime
tsc_bakeoff_best,ACSF1,FreshPRINCE,30,0.8,0.8,0.9763166666666667,0.7582743884794324,,,,,,
tsc_bakeoff_best,ACSF1,H-InceptionTime,30,0.844,0.844,0.9772888888888889,0.6944641534246493,,,,,,
tsc_bakeoff_best,ACSF1,HC2,30,0.8480000000000001,0.8480000000000001,0.98495,0.5647321663694955,,,,,,
tsc_bakeoff_best,ACSF1,MR-Hydra,30,0.8343333333333334,0.8343333333333334,0.9079629629629629,5.971231911463744,,,,,,
tsc_bakeoff_best,ACSF1,PF,30,0.6383333333333333,0.6383333333333333,0.9261148148148148,2.4628809834706655,,,,,,
tsc_bakeoff_best,ACSF1,QUANT,30,0.8103333333333332,0.8103333333333332,0.9741851851851852,0.8666961037986602,,,,,,
tsc_bakeoff_best,ACSF1,RDST,30,0.8326666666666667,0.8326666666666667,0.907037037037037,6.031304667112272,,,,,,
tsc_bakeoff_best,ACSF1,WEASEL-2,30,0.8290000000000001,0.8290000000000001,0.9049999999999999,6.163464729539035,,,,,,
tsc_bakeoff_best,Adiac,FreshPRINCE,30,0.8083546462063087,0.8137605000105,0.9897774051813287,0.8716555111267972,,,,,,
tsc_bakeoff_best,Adiac,H-InceptionTime,30,0.8517476555839727,0.8567964905464904,0.9946561721684838,0.5257394393790967,,,,,,
tsc_bakeoff_best,Adiac,HC2,30,0.7944586530264279,0.7974594649594648,0.9912134822267915,0.751197947938746,,,,,,
tsc_bakeoff_best,Adiac,MR-Hydra,30,0.8244671781756181,0.8291616741616742,0.9099230572194899,6.326844188251689,,,,,,
tsc_bakeoff_best,Adiac,PF,30,0.7221653878942881,0.7275548888048888,0.9762162829089432,1.6034415443825099,,,,,,
tsc_bakeoff_best,Adiac,QUANT,30,0.8183290707587383,0.8196956334456335,0.9908506380951622,0.9113932131938419,,,,,,
tsc_bakeoff_best,Adiac,RDST,30,0.7398976982097186,0.7452246814746815,0.8665745523777839,9.375037211440455,,,,,,
tsc_bakeoff_best,Adiac,WEASEL-2,30,0.8178175618073316,0.823164771914772,0.9065022769306376,6.566520655800806,,,,,,
tsc_bakeoff_best,ArrowHead,FreshPRINCE,30,0.7883809523809524,0.7822532130161335,0.9271437114282769,0.5954173507967536,,,,,,
tsc_bakeoff_best,ArrowHead,H-InceptionTime,30,0.8923809523809524,0.8881627320511652,0.9694815223955342,0.4551477721184334,,,,,,
tsc_bakeoff_best,ArrowHead,HC2,30,0.8992380952380952,0.897265518184304,0.9775125270646459,0.3443877414615165,,,,,,
tsc_bakeoff_best,ArrowHead,MR-Hydra,30,0.8971428571428571,0.8929176920973475,0.9213217857511083,3.707347205737764,,,,,,
tsc_bakeoff_best,ArrowHead,PF,30,0.8836190476190476,0.8812900677543828,0.9751364500022094,0.43736254807179026,,,,,,
tsc_bakeoff_best,ArrowHead,QUANT,30,0.8384761904761905,0.8322851153039833,0.9522810893612007,0.5320548318554807,,,,,,
tsc_bakeoff_best,ArrowHead,RDST,30,0.8782857142857143,0.8788715705040562,0.9088694710794928,4.387027526789688,,,,,,
tsc_bakeoff_best,ArrowHead,WEASEL-2,30,0.8851428571428571,0.8822380214504907,0.9122615733580781,4.13987104640717,,,,,,
tsc_bakeoff_best,BME,FreshPRINCE,30,0.9991111111111111,0.9991111111111111,1.0,0.09020439138364487,,,,,,
tsc_bakeoff_best,BME,H-InceptionTime,30,0.9979999999999999,0.9979999999999999,1.0,0.007777253850892857,,,,,,
tsc_bakeoff_best,BME,HC2,30,0.9986666666666667,0.9986666666666667,1.0,0.14356006962492715,,,,,,
tsc_bakeoff_best,BME,MR-Hydra,30,1.0,1.0,1.0,4.440892098500627e-16,,,,,,
tsc_bakeoff_best,BME,PF,30,0.9991111111111111,0.9991111111111111,1.0,0.06038496359133262,,,,,,
tsc_bakeoff_best,BME,QUANT,30,0.9997777777777778,0.9997777777777778,1.0,0.05029213389392341,,,,,,
tsc_bakeoff_best,BME,RDST,30,0.9822222222222222,0.9822222222222222,0.9866666666666667,0.6407760602509719,,,,,,
tsc_bakeoff_best,BME,WEASEL-2,30,0.9924444444444445,0.9924444444444445,0.9943333333333333,0.27232982560666336,,,,,,
tsc_bakeoff_best,Beef,FreshPRINCE,30,0.7911111111111111,0.7911111111111111,0.955949074074074,0.7152280897566032,,,,,,
tsc_bakeoff_best,Beef,H-InceptionTime,30,0.69,0.69,0.9030092592592592,1.217198527506063,,,,,,
tsc_bakeoff_best,Beef,HC2,30,0.7211111111111111,0.7211111111111111,0.9271759259259259,0.8014066967133554,,,,,,
tsc_bakeoff_best,Beef,MR-Hydra,30,0.7633333333333333,0.7633333333333334,0.8520833333333333,8.53033130209106,,,,,,
tsc_bakeoff_best,Beef,PF,30,0.5944444444444444,0.5944444444444444,0.8315740740740741,2.508380505441388,,,,,,
tsc_bakeoff_best,Beef,QUANT,30,0.7755555555555556,0.7755555555555556,0.9458333333333333,0.7814072590671711,,,,,,
tsc_bakeoff_best,Beef,RDST,30,0.7422222222222222,0.7422222222222222,0.8388888888888889,9.291252873639086,,,,,,
tsc_bakeoff_best,Beef,WEASEL-2,30,0.7766666666666667,0.7766666666666667,0.8604166666666667,8.04974925690283,,,,,,
tsc_bakeoff_best,BeetleFly,FreshPRINCE,30,0.8816666666666666,0.8816666666666666,0.94,0.3915158936673167,,,,,,
tsc_bakeoff_best,BeetleFly,H-InceptionTime,30,0.9149999999999999,0.9149999999999999,0.9663333333333333,0.38622594227663676,,,,,,
tsc_bakeoff_best,BeetleFly,HC2,30,0.9233333333333333,0.9233333333333333,0.9896666666666667,0.23124468621340977,,,,,,
tsc_bakeoff_best,BeetleFly,MR-Hydra,30,0.9116666666666667,0.9116666666666667,0.9116666666666667,3.1838560493720154,,,,,,
tsc_bakeoff_best,BeetleFly,PF,30,0.86,0.86,0.947,0.37519950370595334,,,,,,
tsc_bakeoff_best,BeetleFly,QUANT,30,0.8716666666666666,0.8716666666666666,0.9508333333333333,0.37819137159024174,,,,,,
tsc_bakeoff_best,BeetleFly,RDST,30,0.9266666666666666,0.9266666666666666,0.9266666666666666,2.6432012485352576,,,,,,
tsc_bakeoff_best,BeetleFly,WEASEL-2,30,0.9466666666666667,0.9466666666666667,0.9466666666666667,1.922328180752915,,,,,,
tsc_bakeoff_best,BirdChicken,FreshPRINCE,30,0.9233333333333333,0.9233333333333333,0.9963333333333334,0.2081979150507139,,,,,,
tsc_bakeoff_best,BirdChicken,H-InceptionTime,30,0.9416666666666667,0.9416666666666667,0.9913333333333333,0.14035803525564297,,,,,,
tsc_bakeoff_best,BirdChicken,HC2,30,0.9483333333333334,0.9483333333333334,0.9963333333333334,0.1738621760358972,,,,,,
tsc_bakeoff_best,BirdChicken,MR-Hydra,30,0.91,0.91,0.91,3.243928805020544,,,,,,
tsc_bakeoff_best,BirdChicken,PF,30,0.9033333333333334,0.9033333333333334,0.9733333333333333,0.26365816756466465,,,,,,
tsc_bakeoff_best,BirdChicken,QUANT,30,0.955,0.955,0.994,0.19506898122751543,,,,,,
tsc_bakeoff_best,BirdChicken,RDST,30,0.9133333333333333,0.9133333333333334,0.9133333333333333,3.1237832937234864,,,,,,
tsc_bakeoff_best,BirdChicken,WEASEL-2,30,0.9333333333333333,0.9333333333333333,0.9333333333333333,2.4029102259411435,,,,,,
tsc_bakeoff_best,CBF,FreshPRINCE,30,0.9876666666666666,0.9876890380313199,0.9997018625220664,0.1619296371421144,,,,,,
tsc_bakeoff_best,CBF,H-InceptionTime,30,0.9951481481481481,0.995149865096885,0.9999756730198237,0.01500368023014806,,,,,,
tsc_bakeoff_best,CBF,HC2,30,0.9984814814814815,0.9984814814814815,0.9999991973244148,0.08758680477532596,,,,,,
tsc_bakeoff_best,CBF,MR-Hydra,30,0.9929259259259259,0.9929285746033156,0.9946873610324065,0.2549754739748662,,,,,,
tsc_bakeoff_best,CBF,PF,30,0.9936296296296295,0.9936548834269178,0.9998910831358345,0.08952234079397646,,,,,,
tsc_bakeoff_best,CBF,QUANT,30,0.9911481481481482,0.9911552184212302,0.9996976726099426,0.21426362554215406,,,,,,
tsc_bakeoff_best,CBF,RDST,30,0.9909629629629629,0.9909639440765268,0.993216036968312,0.32572783062757765,,,,,,
tsc_bakeoff_best,CBF,WEASEL-2,30,0.9806666666666666,0.9806745155751778,0.9854952190826812,0.696843965522932,,,,,,
tsc_bakeoff_best,Car,FreshPRINCE,30,0.7961111111111111,0.8114733950260267,0.9639888477746942,0.574343618837327,,,,,,
tsc_bakeoff_best,Car,H-InceptionTime,30,0.9105555555555556,0.9148905918642761,0.9813423408517157,0.2878695739854787,,,,,,
tsc_bakeoff_best,Car,HC2,30,0.9205555555555556,0.9279111239637555,0.9873598482284545,0.32176278830310584,,,,,,
tsc_bakeoff_best,Car,MR-Hydra,30,0.9283333333333333,0.9344177752072489,0.9525119770161623,2.58312849288673,,,,,,
tsc_bakeoff_best,Car,PF,30,0.8055555555555556,0.8126638712165027,0.9505367815357155,0.6550439721775277,,,,,,
tsc_bakeoff_best,Car,QUANT,30,0.8938888888888888,0.903308752650858,0.9780969361150597,0.44992081663457434,,,,,,
tsc_bakeoff_best,Car,RDST,30,0.9377777777777777,0.9444597069597069,0.9589554988981898,2.242716210878401,,,,,,
tsc_bakeoff_best,Car,WEASEL-2,30,0.9077777777777778,0.9161075766338924,0.9389089445936087,3.3240258125519158,,,,,,
tsc_bakeoff_best,Chinatown,FreshPRINCE,30,0.9727891156462586,0.9768435443903273,0.9934482611296249,0.14084681139004027,,,,,,
tsc_bakeoff_best,Chinatown,H-InceptionTime,30,0.9540330417881439,0.9563096357059443,0.9874134837221226,0.22073452827415838,,,,,,
tsc_bakeoff_best,Chinatown,HC2,30,0.9689018464528669,0.9767046911048448,0.9923466917314648,0.13244410711509816,,,,,,
tsc_bakeoff_best,Chinatown,MR-Hydra,30,0.9657920310981536,0.9730176023241903,0.9730176023241904,1.2329801742438522,,,,,,
tsc_bakeoff_best,Chinatown,PF,30,0.9480193236714975,0.9494491228070175,0.9865936842105263,0.1711843281391282,,,,,,
tsc_bakeoff_best,Chinatown,QUANT,30,0.9753158406219631,0.9813431029080862,0.9918290182004614,0.1345752772759587,,,,,,
tsc_bakeoff_best,Chinatown,RDST,30,0.968415937803693,0.9761492779629155,0.9761492779629155,1.1384049904240112,,,,,,
tsc_bakeoff_best,Chinatown,WEASEL-2,30,0.9724975704567541,0.9809471930274288,0.9809471930274288,0.9912880378153699,,,,,,
tsc_bakeoff_best,ChlorineConcentration,FreshPRINCE,30,0.7750086805555555,0.7007481414003497,0.9068010343384475,0.5966294813865881,,,,,,
tsc_bakeoff_best,ChlorineConcentration,H-InceptionTime,30,0.8671527777777778,0.8408719198075167,0.9592911563153993,0.5906829480514421,,,,,,
tsc_bakeoff_best,ChlorineConcentration,HC2,30,0.7634027777777778,0.6929388743368528,0.8780549491181803,0.6309658236640912,,,,,,
tsc_bakeoff_best,ChlorineConcentration,MR-Hydra,30,0.7831597222222223,0.7297801856830868,0.8009225902706251,7.815715813022105,,,,,,
tsc_bakeoff_best,ChlorineConcentration,PF,30,0.6311371527777777,0.5801305697666499,0.7421187627769078,1.1966803557623498,,,,,,
tsc_bakeoff_best,ChlorineConcentration,QUANT,30,0.7495138888888888,0.6604916266611744,0.8811869796332462,0.6556725888430303,,,,,,
tsc_bakeoff_best,ChlorineConcentration,RDST,30,0.7600347222222222,0.7031760646161502,0.7803217466872608,8.649225297645438,,,,,,
tsc_bakeoff_best,ChlorineConcentration,WEASEL-2,30,0.7680295138888888,0.7102966947214779,0.7851258890783476,8.361063797893902,,,,,,
tsc_bakeoff_best,CinCECGTorso,FreshPRINCE,30,0.9493719806763286,0.9498454796905504,0.9983683042292291,0.263023512588591,,,,,,
tsc_bakeoff_best,CinCECGTorso,H-InceptionTime,30,0.8200241545893721,0.8207037554697154,0.9607308555851463,0.71242952662657,,,,,,
tsc_bakeoff_best,CinCECGTorso,HC2,30,0.9930193236714976,0.9930068492981443,0.9996756959960188,0.19541893568141094,,,,,,
tsc_bakeoff_best,CinCECGTorso,MR-Hydra,30,0.9772222222222222,0.9773319496117796,0.9848376869753024,0.8209943271965581,,,,,,
tsc_bakeoff_best,CinCECGTorso,PF,30,0.9376570048309179,0.9382218655432825,0.9967985886164823,0.3371607694504353,,,,,,
tsc_bakeoff_best,CinCECGTorso,QUANT,30,0.9732367149758454,0.9734414612890305,0.9990001571482057,0.16478847941656313,,,,,,
tsc_bakeoff_best,CinCECGTorso,RDST,30,0.9821256038647344,0.9822363831297657,0.9881017086087145,0.6442585388392926,,,,,,
tsc_bakeoff_best,CinCECGTorso,WEASEL-2,30,0.9258212560386473,0.925829337837347,0.9506114314887248,2.6736729361830625,,,,,,
tsc_bakeoff_best,Coffee,FreshPRINCE,30,0.9892857142857143,0.9898290598290598,0.99991452991453,0.1002508950646995,,,,,,
tsc_bakeoff_best,Coffee,H-InceptionTime,30,0.9988095238095238,0.9988888888888889,1.0,0.0031779820497409832,,,,,,
tsc_bakeoff_best,Coffee,HC2,30,1.0,1.0,1.0,0.046573709747796795,,,,,,
tsc_bakeoff_best,Coffee,MR-Hydra,30,1.0,1.0,1.0,2.220446049250313e-16,,,,,,
tsc_bakeoff_best,Coffee,PF,30,0.9916666666666667,0.9917094017094017,1.0,0.07205902404500243,,,,,,
tsc_bakeoff_best,Coffee,QUANT,30,1.0,1.0,1.0,0.08737192119648454,,,,,,
tsc_bakeoff_best,Coffee,RDST,30,0.9952380952380953,0.9952136752136752,0.9952136752136752,0.1716364447100819,,,,,,
tsc_bakeoff_best,Coffee,WEASEL-2,30,0.9976190476190477,0.9977777777777778,0.9977777777777778,0.08581822235504105,,,,,,
tsc_bakeoff_best,Computers,FreshPRINCE,30,0.8233333333333334,0.8233333333333334,0.9000191999999999,0.4254398597463046,,,,,,
tsc_bakeoff_best,Computers,H-InceptionTime,30,0.8681333333333333,0.8681333333333333,0.9358272,0.5336087802153185,,,,,,
tsc_bakeoff_best,Computers,HC2,30,0.8618666666666666,0.8618666666666667,0.9284010666666667,0.3566341533713219,,,,,,
tsc_bakeoff_best,Computers,MR-Hydra,30,0.8673333333333333,0.8673333333333333,0.8673333333333333,4.781791349622876,,,,,,
tsc_bakeoff_best,Computers,PF,30,0.7142666666666667,0.7142666666666666,0.7923914666666667,0.5594476609392397,,,,,,
tsc_bakeoff_best,Computers,QUANT,30,0.8385333333333332,0.8385333333333335,0.9120330666666666,0.3942214501656197,,,,,,
tsc_bakeoff_best,Computers,RDST,30,0.8216,0.8216,0.8216,6.430187764618499,,,,,,
tsc_bakeoff_best,Computers,WEASEL-2,30,0.7802666666666667,0.7802666666666667,0.7802666666666667,7.9199921047020085,,,,,,
tsc_bakeoff_best,CricketX,FreshPRINCE,30,0.7235897435897436,0.7307743557973648,0.9586906868158884,0.9664751082095242,,,,,,
tsc_bakeoff_best,CricketX,H-InceptionTime,30,0.8568376068376068,0.8625511789112623,0.9860388309504875,0.5125308930427762,,,,,,
tsc_bakeoff_best,CricketX,HC2,30,0.8411111111111111,0.8494663146233989,0.9854561704990312,0.5886243352616175,,,,,,
tsc_bakeoff_best,CricketX,MR-Hydra,30,0.8263247863247863,0.8360519798556159,0.9054491699769442,6.259889203990264,,,,,,
tsc_bakeoff_best,CricketX,PF,30,0.8004273504273504,0.8064627302458953,0.9758280239846976,0.7202031496907908,,,,,,
tsc_bakeoff_best,CricketX,QUANT,30,0.7653846153846153,0.7750976122975294,0.9712438886344945,0.9071166218347541,,,,,,
tsc_bakeoff_best,CricketX,RDST,30,0.8352991452991453,0.8434088735487509,0.9102523323534025,5.936420519728956,,,,,,
tsc_bakeoff_best,CricketX,WEASEL-2,30,0.8151282051282052,0.8229229921794327,0.8992051438685634,6.663454895782944,,,,,,
tsc_bakeoff_best,CricketY,FreshPRINCE,30,0.7268376068376069,0.7308527523588683,0.969820628477868,0.9637309416613996,,,,,,
tsc_bakeoff_best,CricketY,H-InceptionTime,30,0.8614529914529914,0.8625767685948728,0.9881184302343703,0.44798747814049683,,,,,,
tsc_bakeoff_best,CricketY,HC2,30,0.8438461538461539,0.8462253799138327,0.9874896540445445,0.5796114393596328,,,,,,
tsc_bakeoff_best,CricketY,MR-Hydra,30,0.844102564102564,0.845556466154823,0.9149259549300044,5.619113143739292,,,,,,
tsc_bakeoff_best,CricketY,PF,30,0.7998290598290598,0.8019409065012841,0.979584102636306,0.7341506783011772,,,,,,
tsc_bakeoff_best,CricketY,QUANT,30,0.772051282051282,0.774617040647117,0.9769207917565542,0.9120891113754144,,,,,,
tsc_bakeoff_best,CricketY,RDST,30,0.8470940170940171,0.8484775038800856,0.9165351067195715,5.511290248985522,,,,,,
tsc_bakeoff_best,CricketY,WEASEL-2,30,0.8152991452991453,0.8171502303209818,0.8991782515132859,6.657293587511299,,,,,,
tsc_bakeoff_best,CricketZ,FreshPRINCE,30,0.7348717948717949,0.7265740025524041,0.9619254707341721,0.9538883519534013,,,,,,
tsc_bakeoff_best,CricketZ,H-InceptionTime,30,0.8741025641025642,0.8690225186269366,0.9892541469962048,0.42805411392275633,,,,,,
tsc_bakeoff_best,CricketZ,HC2,30,0.8668376068376068,0.8611107430160189,0.9882480730011126,0.5499263540622698,,,,,,
tsc_bakeoff_best,CricketZ,MR-Hydra,30,0.8469230769230769,0.8400452350170943,0.916822128605494,5.517451557257166,,,,,,
tsc_bakeoff_best,CricketZ,PF,30,0.8028205128205129,0.7963696023626442,0.9780471413362981,0.7163747080241762,,,,,,
tsc_bakeoff_best,CricketZ,QUANT,30,0.7901709401709401,0.7833967539987177,0.9748855021658117,0.887213402883387,,,,,,
tsc_bakeoff_best,CricketZ,RDST,30,0.8555555555555556,0.8489557827040145,0.9214845401355789,5.2063054895391465,,,,,,
tsc_bakeoff_best,CricketZ,WEASEL-2,30,0.828034188034188,0.8206106205337549,0.9065386487104267,6.198276121273824,,,,,,
tsc_bakeoff_best,Crop,FreshPRINCE,30,0.7679146825396825,0.7679146825396825,0.9833633702430247,0.7829297210556965,,,,,,
tsc_bakeoff_best,Crop,H-InceptionTime,30,0.7927420634920636,0.7927420634920636,0.9824327022330671,1.2655186557894003,,,,,,
tsc_bakeoff_best,Crop,HC2,30,0.7619662698412699,0.7619662698412699,0.9840017467711722,0.7316245943376036,,,,,,
tsc_bakeoff_best,Crop,MR-Hydra,30,0.7782043650793651,0.7782043650793651,0.8842805383022775,7.994324988298539,,,,,,
tsc_bakeoff_best,Crop,PF,30,0.7531091269841269,0.7531091269841269,0.9769862785911466,1.1117775573207747,,,,,,
tsc_bakeoff_best,Crop,QUANT,30,0.7759087301587301,0.7759087301587301,0.9842492289633245,0.7663120918819233,,,,,,
tsc_bakeoff_best,Crop,RDST,30,0.768109126984127,0.768109126984127,0.8790134575569357,8.358194251083912,,,,,,
tsc_bakeoff_best,Crop,WEASEL-2,30,0.758688492063492,0.758688492063492,0.8740983436853003,8.697748350868691,,,,,,
tsc_bakeoff_best,DiatomSizeReduction,FreshPRINCE,30,0.9169934640522877,0.830205676094899,0.9952348282134156,0.37522949771879566,,,,,,
tsc_bakeoff_best,DiatomSizeReduction,H-InceptionTime,30,0.9532679738562091,0.9158176935871201,0.9920930813334359,0.21749488832099187,,,,,,
tsc_bakeoff_best,DiatomSizeReduction,HC2,30,0.9290849673202614,0.8458413926499033,0.9955991774204318,0.26186692837900094,,,,,,
tsc_bakeoff_best,DiatomSizeReduction,MR-Hydra,30,0.9504357298474946,0.8932368317775349,0.9647639658538355,1.7864773738614717,,,,,,
tsc_bakeoff_best,DiatomSizeReduction,PF,30,0.9567538126361655,0.9072239508872256,0.9899130999914009,0.6858253801416098,,,,,,
tsc_bakeoff_best,DiatomSizeReduction,QUANT,30,0.9118736383442266,0.8193645520888814,0.9943840407416271,0.3158215680422505,,,,,,
tsc_bakeoff_best,DiatomSizeReduction,RDST,30,0.9449891067538126,0.8891165353815678,0.9609482149330706,1.9827935687913036,,,,,,
tsc_bakeoff_best,DiatomSizeReduction,WEASEL-2,30,0.9485838779956428,0.8912670296863173,0.9634555269956361,1.8532248801376145,,,,,,
tsc_bakeoff_best,DistalPhalanxOutlineAgeGroup,FreshPRINCE,30,0.8038369304556354,0.7742508088270801,0.9267730475602082,0.5011247374396257,,,,,,
tsc_bakeoff_best,DistalPhalanxOutlineAgeGroup,H-InceptionTime,30,0.7664268585131894,0.7379168477473562,0.8965707956738359,1.1565104173604703,,,,,,
tsc_bakeoff_best,DistalPhalanxOutlineAgeGroup,HC2,30,0.8134292565947242,0.7861374281713265,0.9178808770768913,0.48935230121993645,,,,,,
tsc_bakeoff_best,DistalPhalanxOutlineAgeGroup,MR-Hydra,30,0.8069544364508393,0.7773035878120623,0.8316198052891601,6.958067380872736,,,,,,
tsc_bakeoff_best,DistalPhalanxOutlineAgeGroup,PF,30,0.802158273381295,0.7725365782992901,0.9186605332124884,0.6420391608137985,,,,,,
tsc_bakeoff_best,DistalPhalanxOutlineAgeGroup,QUANT,30,0.8105515587529977,0.7802887633396108,0.9152516979441729,0.5926663667320274,,,,,,
tsc_bakeoff_best,DistalPhalanxOutlineAgeGroup,RDST,30,0.80431654676259,0.7600251098556183,0.8288295553618135,7.053146562474724,,,,,,
tsc_bakeoff_best,DistalPhalanxOutlineAgeGroup,WEASEL-2,30,0.8167865707434052,0.7812834999275677,0.8390882011043301,6.6036813403562356,,,,,,
tsc_bakeoff_best,DistalPhalanxOutlineCorrect,FreshPRINCE,30,0.8334541062801932,0.8237474120082815,0.912476370510397,0.3806124717984488,,,,,,
tsc_bakeoff_best,DistalPhalanxOutlineCorrect,H-InceptionTime,30,0.8157004830917874,0.8016563146997929,0.8946394815014853,0.9435368820385066,,,,,,
tsc_bakeoff_best,DistalPhalanxOutlineCorrect,HC2,30,0.8281400966183574,0.8124430641821946,0.9198199657935008,0.37575176250923004,,,,,,
tsc_bakeoff_best,DistalPhalanxOutlineCorrect,MR-Hydra,30,0.8397342995169083,0.8283022774327122,0.8283022774327122,5.776561358376626,,,,,,
tsc_bakeoff_best,DistalPhalanxOutlineCorrect,PF,30,0.8234299516908212,0.8101035196687371,0.9072076694571969,0.40935841902358283,,,,,,
tsc_bakeoff_best,DistalPhalanxOutlineCorrect,QUANT,30,0.8352657004830918,0.8248447204968944,0.9194508956701773,0.37010917145006206,,,,,,
tsc_bakeoff_best,DistalPhalanxOutlineCorrect,RDST,30,0.8159420289855073,0.7993788819875776,0.7993788819875776,6.634121710750549,,,,,,
tsc_bakeoff_best,DistalPhalanxOutlineCorrect,WEASEL-2,30,0.8352657004830918,0.822608695652174,0.822608695652174,5.937625993086448,,,,,,
tsc_bakeoff_best,DistalPhalanxTW,FreshPRINCE,30,0.6985611510791366,0.5211238566501725,0.9159630250296609,0.8260750476258889,,,,,,
tsc_bakeoff_best,DistalPhalanxTW,H-InceptionTime,30,0.6757793764988009,0.5341584017022613,0.8998253465526227,1.6039227879960911,,,,,,
tsc_bakeoff_best,DistalPhalanxTW,HC2,30,0.7093525179856115,0.532194669365722,0.9277572912207689,0.7295436715525695,,,,,,
tsc_bakeoff_best,DistalPhalanxTW,MR-Hydra,30,0.6959232613908873,0.5306430695685082,0.8044297620937698,10.960036570120035,,,,,,
tsc_bakeoff_best,DistalPhalanxTW,PF,30,0.6920863309352518,0.5276064091853565,0.9124003078138312,0.9062198465768105,,,,,,
tsc_bakeoff_best,DistalPhalanxTW,QUANT,30,0.7009592326139089,0.5141102846146706,0.9297541696665694,0.7121133374336811,,,,,,
tsc_bakeoff_best,DistalPhalanxTW,RDST,30,0.7052757793764989,0.5339331234068077,0.806809737495081,10.62293765353117,,,,,,
tsc_bakeoff_best,DistalPhalanxTW,WEASEL-2,30,0.7050359712230215,0.5222747038536512,0.8054732723178801,10.631581215494988,,,,,,
tsc_bakeoff_best,ECG200,FreshPRINCE,30,0.8533333333333334,0.8297164351851852,0.9395833333333333,0.3164356324635203,,,,,,
tsc_bakeoff_best,ECG200,H-InceptionTime,30,0.903,0.8806712962962963,0.9603298611111111,0.4486826742214074,,,,,,
tsc_bakeoff_best,ECG200,HC2,30,0.8963333333333333,0.8750578703703703,0.9628761574074074,0.26421274923647786,,,,,,
tsc_bakeoff_best,ECG200,MR-Hydra,30,0.9053333333333333,0.8871527777777778,0.8871527777777778,3.4121325208364235,,,,,,
tsc_bakeoff_best,ECG200,PF,30,0.873,0.8556134259259259,0.9427662037037037,0.34692409669918906,,,,,,
tsc_bakeoff_best,ECG200,QUANT,30,0.882,0.8642650462962963,0.9518880208333333,0.30265113893180945,,,,,,
tsc_bakeoff_best,ECG200,RDST,30,0.8886666666666667,0.8723090277777777,0.8723090277777777,4.01286007732171,,,,,,
tsc_bakeoff_best,ECG200,WEASEL-2,30,0.8876666666666666,0.8672743055555556,0.8672743055555556,4.048903730710827,,,,,,
tsc_bakeoff_best,ECG5000,FreshPRINCE,30,0.9448888888888889,0.5248753593744144,0.9879925963024629,0.2601668151620883,,,,,,
tsc_bakeoff_best,ECG5000,H-InceptionTime,30,0.9433703703703704,0.5677688338757847,0.984083976119912,0.472374853149082,,,,,,
tsc_bakeoff_best,ECG5000,HC2,30,0.9484444444444444,0.5398448475071925,0.9897193015742567,0.20493141500953133,,,,,,
tsc_bakeoff_best,ECG5000,MR-Hydra,30,0.9475703703703703,0.5589889183926573,0.9573423877274114,1.889755397690158,,,,,,
tsc_bakeoff_best,ECG5000,PF,30,0.9395111111111111,0.5514637048683115,0.9857472521335592,0.4047400160905597,,,,,,
tsc_bakeoff_best,ECG5000,QUANT,30,0.9451925925925926,0.5175747193009076,0.9884437689851657,0.25713335942573684,,,,,,
tsc_bakeoff_best,ECG5000,RDST,30,0.9468518518518518,0.5217776210583063,0.9554162148769371,1.915653430125301,,,,,,
tsc_bakeoff_best,ECG5000,WEASEL-2,30,0.9481259259259259,0.5271894099359321,0.9554717608220773,1.8697311458073147,,,,,,
tsc_bakeoff_best,ECGFiveDays,FreshPRINCE,30,0.9996902826171118,0.9996898225090473,0.9999998201348269,0.07015203795190256,,,,,,
tsc_bakeoff_best,ECGFiveDays,H-InceptionTime,30,0.9802168021680217,0.9802352456598534,0.9978045656975532,0.054282897868426,,,,,,
tsc_bakeoff_best,ECGFiveDays,HC2,30,0.991792489353465,0.9917562395228536,0.9991195599778406,0.0726368688853501,,,,,,
tsc_bakeoff_best,ECGFiveDays,MR-Hydra,30,0.9905923344947735,0.99057785284151,0.99057785284151,0.33908663467113714,,,,,,
tsc_bakeoff_best,ECGFiveDays,PF,30,0.8828106852497097,0.8830102055499197,0.9574976797392675,0.33482915144882636,,,,,,
tsc_bakeoff_best,ECGFiveDays,QUANT,30,0.9867208672086721,0.9867638118466397,0.9993801846136137,0.15764365179447923,,,,,,
tsc_bakeoff_best,ECGFiveDays,RDST,30,0.9933023615950446,0.9932897699884167,0.9932897699884167,0.2414073571938549,,,,,,
tsc_bakeoff_best,ECGFiveDays,WEASEL-2,30,0.9825783972125436,0.9825944472023771,0.9825944472023771,0.6279382123539575,,,,,,
tsc_bakeoff_best,EOGHorizontalSignal,FreshPRINCE,30,0.7685082872928177,0.7681488691138302,0.9735350874946497,0.7395344354313786,,,,,,
tsc_bakeoff_best,EOGHorizontalSignal,H-InceptionTime,30,0.8950276243093923,0.8951256540188688,0.9890699764888194,0.4433699367571308,,,,,,
tsc_bakeoff_best,EOGHorizontalSignal,HC2,30,0.8177716390423573,0.8177176286408767,0.9802029425087088,0.6029299211312924,,,,,,
tsc_bakeoff_best,EOGHorizontalSignal,MR-Hydra,30,0.8718232044198896,0.8718852222634204,0.9300623508705079,4.619959992417228,,,,,,
tsc_bakeoff_best,EOGHorizontalSignal,PF,30,0.8244014732965009,0.8243542207390928,0.9823747800569708,0.5997489852799031,,,,,,
tsc_bakeoff_best,EOGHorizontalSignal,QUANT,30,0.8393186003683242,0.839452684052239,0.9841548651952068,0.5769014399806383,,,,,,
tsc_bakeoff_best,EOGHorizontalSignal,RDST,30,0.7794659300184162,0.7796711366538953,0.8796816121439387,7.948853578907515,,,,,,
tsc_bakeoff_best,EOGHorizontalSignal,WEASEL-2,30,0.7497237569060773,0.7498285131627734,0.8634691082812875,9.020870157607778,,,,,,
tsc_bakeoff_best,EOGVerticalSignal,FreshPRINCE,30,0.6960405156537753,0.6959208791661518,0.951291281439783,0.9898875983219828,,,,,,
tsc_bakeoff_best,EOGVerticalSignal,H-InceptionTime,30,0.8199815837937385,0.8198978288633462,0.9747046723271597,0.7191523336104965,,,,,,
tsc_bakeoff_best,EOGVerticalSignal,HC2,30,0.780939226519337,0.780582025295596,0.9713458261496738,0.7004393797966728,,,,,,
tsc_bakeoff_best,EOGVerticalSignal,MR-Hydra,30,0.8075506445672193,0.8071827750999052,0.8950531542899505,6.936577862178166,,,,,,
tsc_bakeoff_best,EOGVerticalSignal,PF,30,0.7776243093922652,0.777637601450171,0.9692848190160267,0.8425445033029448,,,,,,
tsc_bakeoff_best,EOGVerticalSignal,QUANT,30,0.7810313075506446,0.7806835784616653,0.9699960622220056,0.8090314909356453,,,,,,
tsc_bakeoff_best,EOGVerticalSignal,RDST,30,0.7267034990791896,0.7266138301816834,0.850954046628436,9.850604351648228,,,,,,
tsc_bakeoff_best,EOGVerticalSignal,WEASEL-2,30,0.6915285451197054,0.6919134429201169,0.8317592653622573,11.118438200142036,,,,,,
tsc_bakeoff_best,Earthquakes,FreshPRINCE,30,0.7508393285371703,0.5156639194139194,0.730989010989011,0.5161864967145148,,,,,,
tsc_bakeoff_best,Earthquakes,H-InceptionTime,30,0.7326139088729017,0.5211767399267399,0.6444139194139193,0.9656711272626806,,,,,,
tsc_bakeoff_best,Earthquakes,HC2,30,0.7467625899280576,0.49903846153846154,0.6646520146520146,0.5855903185783528,,,,,,
tsc_bakeoff_best,Earthquakes,MR-Hydra,30,0.7479616306954436,0.5235347985347986,0.5235347985347985,9.084383623971735,,,,,,
tsc_bakeoff_best,Earthquakes,PF,30,0.7496402877697842,0.5101236263736264,0.703282967032967,0.5775922649728353,,,,,,
tsc_bakeoff_best,Earthquakes,QUANT,30,0.756115107913669,0.5289835164835165,0.7233424908424908,0.5576243413084702,,,,,,
tsc_bakeoff_best,Earthquakes,RDST,30,0.7388489208633094,0.5048076923076923,0.5048076923076923,9.412838978596785,,,,,,
tsc_bakeoff_best,Earthquakes,WEASEL-2,30,0.7453237410071942,0.49902472527472524,0.49902472527472524,9.179462805573724,,,,,,
tsc_bakeoff_best,ElectricDevices,FreshPRINCE,30,0.9083387368694074,0.8779223205862828,0.9884331888067278,0.4233923379859576,,,,,,
tsc_bakeoff_best,ElectricDevices,H-InceptionTime,30,0.8916180348420006,0.8641929761058397,0.9851049919662971,0.7442635383695426,,,,,,
tsc_bakeoff_best,ElectricDevices,HC2,30,0.9017421000302598,0.8706218077959501,0.9868322177610368,0.4231065095689243,,,,,,
tsc_bakeoff_best,ElectricDevices,MR-Hydra,30,0.9029265551376822,0.8765003825450032,0.9428651050564568,3.4988815999049634,,,,,,
tsc_bakeoff_best,ElectricDevices,PF,30,0.8424415337396792,0.8032507855486558,0.9770648386682196,0.6088841522939127,,,,,,
tsc_bakeoff_best,ElectricDevices,QUANT,30,0.8776725889422038,0.8406225316388072,0.9804900916615314,0.6766021832607998,,,,,,
tsc_bakeoff_best,ElectricDevices,RDST,30,0.89657199671465,0.8665549682499154,0.9391362794561005,3.727923101145625,,,,,,
tsc_bakeoff_best,ElectricDevices,WEASEL-2,30,0.8833182034323261,0.8430281274770152,0.9312686239383116,4.205638232304719,,,,,,
tsc_bakeoff_best,EthanolLevel,FreshPRINCE,30,0.5734666666666667,0.5734532343403311,0.822666823586301,1.0769988839085456,,,,,,
tsc_bakeoff_best,EthanolLevel,H-InceptionTime,30,0.8282,0.8280092592592593,0.9542018299389389,0.4959855976550204,,,,,,
tsc_bakeoff_best,EthanolLevel,HC2,30,0.8155333333333333,0.8154271206690562,0.951429653544203,0.5783597315843616,,,,,,
tsc_bakeoff_best,EthanolLevel,MR-Hydra,30,0.7213333333333334,0.7214733742959549,0.8141872416277923,10.044164744433978,,,,,,
tsc_bakeoff_best,EthanolLevel,PF,30,0.32406666666666667,0.32411247653183134,0.5845348935222058,1.437154722956027,,,,,,
tsc_bakeoff_best,EthanolLevel,QUANT,30,0.8271333333333334,0.8269403908516811,0.9538156876967422,0.5583009340441404,,,,,,
tsc_bakeoff_best,EthanolLevel,RDST,30,0.7384000000000001,0.7382659156852706,0.8255231444608792,9.429019726593047,,,,,,
tsc_bakeoff_best,EthanolLevel,WEASEL-2,30,0.6864666666666667,0.6865516726403823,0.7909178613418287,11.300886792601197,,,,,,
tsc_bakeoff_best,FaceAll,FreshPRINCE,30,0.9431952662721894,0.9457337083725839,0.997858369562217,0.41555747492176864,,,,,,
tsc_bakeoff_best,FaceAll,H-InceptionTime,30,0.9838461538461538,0.9868490737886032,0.9996834800860437,0.057586699795826056,,,,,,
tsc_bakeoff_best,FaceAll,HC2,30,0.9868244575936883,0.9891808518162316,0.9998017242187768,0.1875927277897703,,,,,,
tsc_bakeoff_best,FaceAll,MR-Hydra,30,0.9843589743589743,0.9879741357847261,0.9916319300587445,0.5637597068554249,,,,,,
tsc_bakeoff_best,FaceAll,PF,30,0.977061143984221,0.9763342380369249,0.999410687281286,0.20525568682454826,,,,,,
tsc_bakeoff_best,FaceAll,QUANT,30,0.9544970414201184,0.9533159118587464,0.9979037341790323,0.46781027658104085,,,,,,
tsc_bakeoff_best,FaceAll,RDST,30,0.9860157790927021,0.9894318722786808,0.9924611396646583,0.5040424112994911,,,,,,
tsc_bakeoff_best,FaceAll,WEASEL-2,30,0.9800197238658778,0.9833883832577895,0.9891914301733448,0.7201621475971561,,,,,,
tsc_bakeoff_best,FaceFour,FreshPRINCE,30,0.8306818181818182,0.8462912087912088,0.9800332649031329,0.5797564328175469,,,,,,
tsc_bakeoff_best,FaceFour,H-InceptionTime,30,0.9208333333333333,0.9303904428904429,0.9813432934400677,0.3546368268971526,,,,,,
tsc_bakeoff_best,FaceFour,HC2,30,0.9791666666666666,0.9821386946386946,0.9998720711513968,0.2059773660355688,,,,,,
tsc_bakeoff_best,FaceFour,MR-Hydra,30,0.9034090909090909,0.9160547785547786,0.9355254814932235,3.4814892478124526,,,,,,
tsc_bakeoff_best,FaceFour,PF,30,0.9454545454545454,0.9526223776223777,0.9992063602859057,0.21402359836088808,,,,,,
tsc_bakeoff_best,FaceFour,QUANT,30,0.9143939393939393,0.9256410256410257,0.9934950554726948,0.4095610368210931,,,,,,
tsc_bakeoff_best,FaceFour,RDST,30,0.9909090909090909,0.9922494172494172,0.9938152228474809,0.327669576264702,,,,,,
tsc_bakeoff_best,FaceFour,WEASEL-2,30,0.9045454545454545,0.9113469863469864,0.9343606069412521,3.440530550779365,,,,,,
tsc_bakeoff_best,FacesUCR,FreshPRINCE,30,0.8892357723577236,0.8574797238319457,0.9938413811885656,0.6013498340934771,,,,,,
tsc_bakeoff_best,FacesUCR,H-InceptionTime,30,0.9762926829268292,0.9647742706150769,0.9995308407837461,0.08120976705281228,,,,,,
tsc_bakeoff_best,FacesUCR,HC2,30,0.9742439024390244,0.9559317225985411,0.9993151942485597,0.27385597396741285,,,,,,
tsc_bakeoff_best,FacesUCR,MR-Hydra,30,0.970959349593496,0.9547197848369234,0.9842698072651445,1.0467311374465593,,,,,,
tsc_bakeoff_best,FacesUCR,PF,30,0.9560975609756098,0.9414087877052918,0.9977202323113118,0.3223039796804686,,,,,,
tsc_bakeoff_best,FacesUCR,QUANT,30,0.901739837398374,0.858136598328569,0.9945223203394634,0.6671567824325331,,,,,,
tsc_bakeoff_best,FacesUCR,RDST,30,0.9763089430894308,0.9616955011489399,0.9869616429815711,0.8539122437064041,,,,,,
tsc_bakeoff_best,FacesUCR,WEASEL-2,30,0.9545365853658537,0.9190561182267516,0.9749356536525505,1.6386675589588897,,,,,,
tsc_bakeoff_best,FiftyWords,FreshPRINCE,30,0.7176556776556777,0.5646787565696544,0.976838506331485,1.6031723011784063,,,,,,
tsc_bakeoff_best,FiftyWords,H-InceptionTime,30,0.8341391941391941,0.7611877537987755,0.9915590250244991,0.687178261325431,,,,,,
tsc_bakeoff_best,FiftyWords,HC2,30,0.8221978021978023,0.7384733533557373,0.9896703941722207,0.8405727859328037,,,,,,
tsc_bakeoff_best,FiftyWords,MR-Hydra,30,0.8455677655677655,0.7634934779129825,0.9201426538731927,5.5663019299823535,,,,,,
tsc_bakeoff_best,FiftyWords,PF,30,0.8259340659340659,0.7593211371062145,0.9852701069670557,1.254306486046316,,,,,,
tsc_bakeoff_best,FiftyWords,QUANT,30,0.7717216117216117,0.6417824439051374,0.9832961127984323,1.373689633328747,,,,,,
tsc_bakeoff_best,FiftyWords,RDST,30,0.8378021978021978,0.7551103779181487,0.9159042784797582,5.846201362894179,,,,,,
tsc_bakeoff_best,FiftyWords,WEASEL-2,30,0.8145787545787545,0.717105392660888,0.9031988498290431,6.683259100941809,,,,,,
tsc_bakeoff_best,Fish,FreshPRINCE,30,0.8862857142857142,0.8858417923073095,0.9899261938855913,0.535373892075317,,,,,,
tsc_bakeoff_best,Fish,H-InceptionTime,30,0.9723809523809523,0.9724768942059582,0.9971207865314378,0.1408877260726967,,,,,,
tsc_bakeoff_best,Fish,HC2,30,0.9820952380952381,0.9822441764584622,0.9995542727640744,0.17968750238687212,,,,,,
tsc_bakeoff_best,Fish,MR-Hydra,30,0.9815238095238095,0.9820867293625913,0.9892871506339388,0.6659494054751182,,,,,,
tsc_bakeoff_best,Fish,PF,30,0.9339047619047619,0.9335282522622425,0.9962471907304441,0.3295532642428697,,,,,,
tsc_bakeoff_best,Fish,QUANT,30,0.9451428571428572,0.9447726597431031,0.9967647391533145,0.4051514744621661,,,,,,
tsc_bakeoff_best,Fish,RDST,30,0.9841904761904761,0.9841141001855288,0.9907277953870068,0.5698329964374725,,,,,,
tsc_bakeoff_best,Fish,WEASEL-2,30,0.9803809523809524,0.9802726242011957,0.9885720904185153,0.7071421522055379,,,,,,
tsc_bakeoff_best,FordA,FreshPRINCE,30,1.0,1.0,1.0,1.091738917000567e-05,,,,,,
tsc_bakeoff_best,FordA,H-InceptionTime,30,0.9582575757575759,0.9582707699944158,0.9915015354540907,0.2034918024241478,,,,,,
tsc_bakeoff_best,FordA,HC2,30,0.9552020202020202,0.9552225738178459,0.992897615201187,0.14665916936227721,,,,,,
tsc_bakeoff_best,FordA,MR-Hydra,30,0.9553535353535353,0.9553903285925375,0.9553903285925375,1.6092216967666448,,,,,,
tsc_bakeoff_best,FordA,PF,30,0.8500252525252525,0.8502858725201593,0.9359592700599091,0.40480029634513526,,,,,,
tsc_bakeoff_best,FordA,QUANT,30,0.9681060606060606,0.9683270942345212,0.9955308289613681,0.13977720059803053,,,,,,
tsc_bakeoff_best,FordA,RDST,30,0.9492424242424242,0.9491732906822564,0.9491732906822564,1.8294884674779162,,,,,,
tsc_bakeoff_best,FordA,WEASEL-2,30,0.9602272727272728,0.9602312028476947,0.9602312028476947,1.4335543961580688,,,,,,
tsc_bakeoff_best,FordB,FreshPRINCE,30,0.9206995884773662,0.9206467328012486,0.978306475051166,0.20423831577794543,,,,,,
tsc_bakeoff_best,FordB,H-InceptionTime,30,0.9408641975308643,0.9408734683259252,0.9860802354342344,0.304190446129544,,,,,,
tsc_bakeoff_best,FordB,HC2,30,0.9338683127572016,0.9339151103496353,0.9824005593188991,0.1933886407656443,,,,,,
tsc_bakeoff_best,FordB,MR-Hydra,30,0.9311934156378601,0.931181012424115,0.931181012424115,2.48004067763802,,,,,,
tsc_bakeoff_best,FordB,PF,30,0.8393827160493826,0.8395438664951314,0.923341605237111,0.41700829630721103,,,,,,
tsc_bakeoff_best,FordB,QUANT,30,0.9168312757201647,0.9168178778806854,0.972119619451778,0.24652659232011145,,,,,,
tsc_bakeoff_best,FordB,RDST,30,0.9286008230452675,0.9287080790281834,0.9287080790281834,2.57348718642462,,,,,,
tsc_bakeoff_best,FordB,WEASEL-2,30,0.9381893004115226,0.9382296093507064,0.9382296093507064,2.2278834317059246,,,,,,
tsc_bakeoff_best,FreezerRegularTrain,FreshPRINCE,30,0.9938362573099416,0.9938362573099415,0.9997414260798194,0.052227916545431526,,,,,,
tsc_bakeoff_best,FreezerRegularTrain,H-InceptionTime,30,0.9962923976608187,0.9962923976608187,0.9993495516569201,0.016862264660474927,,,,,,
tsc_bakeoff_best,FreezerRegularTrain,HC2,30,0.9993567251461989,0.9993567251461989,0.9999991792346363,0.015268542944837557,,,,,,
tsc_bakeoff_best,FreezerRegularTrain,MR-Hydra,30,0.9984444444444445,0.9984444444444445,0.9984444444444445,0.05606790527196017,,,,,,
tsc_bakeoff_best,FreezerRegularTrain,PF,30,0.9423508771929825,0.9423508771929825,0.9873846393762183,0.15950776990273613,,,,,,
tsc_bakeoff_best,FreezerRegularTrain,QUANT,30,0.9994502923976608,0.9994502923976608,0.9999565158510311,0.023733672971420285,,,,,,
tsc_bakeoff_best,FreezerRegularTrain,RDST,30,0.9970760233918129,0.9970760233918129,0.9970760233918129,0.10539079938338365,,,,,,
tsc_bakeoff_best,FreezerRegularTrain,WEASEL-2,30,0.9956023391812866,0.9956023391812866,0.9956023391812866,0.15850776227260893,,,,,,
tsc_bakeoff_best,FreezerSmallTrain,FreshPRINCE,30,0.9654152046783626,0.9654152046783626,0.9969412208884785,0.14729324679690706,,,,,,
tsc_bakeoff_best,FreezerSmallTrain,H-InceptionTime,30,0.9452280701754386,0.9452280701754386,0.9805045901302966,0.27213639355885877,,,,,,
tsc_bakeoff_best,FreezerSmallTrain,HC2,30,0.9944561403508771,0.9944561403508771,0.9997178126603057,0.056103704773757854,,,,,,
tsc_bakeoff_best,FreezerSmallTrain,MR-Hydra,30,0.9881169590643275,0.9881169590643275,0.9881169590643276,0.42830820869407066,,,,,,
tsc_bakeoff_best,FreezerSmallTrain,PF,30,0.8233801169590643,0.8233801169590643,0.9107548579049963,0.741423013444391,,,,,,
tsc_bakeoff_best,FreezerSmallTrain,QUANT,30,0.9947134502923977,0.9947134502923977,0.9998382681850827,0.08851175167248894,,,,,,
tsc_bakeoff_best,FreezerSmallTrain,RDST,30,0.9796374269005848,0.9796374269005848,0.9796374269005848,0.7339415269058827,,,,,,
tsc_bakeoff_best,FreezerSmallTrain,WEASEL-2,30,0.9449590643274853,0.9449590643274853,0.9449590643274853,1.9838764075928108,,,,,,
tsc_bakeoff_best,GunPoint,FreshPRINCE,30,0.9555555555555556,0.955612849691797,0.993779634898056,0.20636650305535129,,,,,,
tsc_bakeoff_best,GunPoint,H-InceptionTime,30,0.9931111111111111,0.9931543385490754,0.9998873873873874,0.016074393702644164,,,,,,
tsc_bakeoff_best,GunPoint,HC2,30,0.9984444444444445,0.9984649122807017,1.0,0.06110609551016671,,,,,,
tsc_bakeoff_best,GunPoint,MR-Hydra,30,0.9962222222222221,0.9962482219061166,0.9962482219061165,0.13616491280333165,,,,,,
tsc_bakeoff_best,GunPoint,PF,30,0.9913333333333333,0.9913288288288288,0.9997066145092461,0.08544093899341236,,,,,,
tsc_bakeoff_best,GunPoint,QUANT,30,0.9920000000000001,0.9920222854433381,0.9996829065908013,0.12217296745106877,,,,,,
tsc_bakeoff_best,GunPoint,RDST,30,0.9948888888888888,0.9949146514935988,0.9949146514935988,0.18422311732215452,,,,,,
tsc_bakeoff_best,GunPoint,WEASEL-2,30,0.9955555555555554,0.9955606922712186,0.9955606922712186,0.1601940150627431,,,,,,
tsc_bakeoff_best,GunPointAgeSpan,FreshPRINCE,30,0.9782700421940927,0.9782638888888889,0.998404780982906,0.10487590561454191,,,,,,
tsc_bakeoff_best,GunPointAgeSpan,H-InceptionTime,30,0.9898734177215189,0.9898851495726496,0.9993576388888888,0.0318461516063082,,,,,,
tsc_bakeoff_best,GunPointAgeSpan,HC2,30,0.9965189873417722,0.9965518162393162,0.9999853098290598,0.04396105696483944,,,,,,
tsc_bakeoff_best,GunPointAgeSpan,MR-Hydra,30,0.9968354430379747,0.9968509615384615,0.9968509615384615,0.11406219426935826,,,,,,
tsc_bakeoff_best,GunPointAgeSpan,PF,30,0.9969409282700422,0.9969417735042735,0.9999592681623931,0.04029175486027462,,,,,,
tsc_bakeoff_best,GunPointAgeSpan,QUANT,30,0.990084388185654,0.990090811965812,0.9995673076923077,0.08603015057699108,,,,,,
tsc_bakeoff_best,GunPointAgeSpan,RDST,30,0.9914556962025317,0.9914983974358974,0.9914983974358975,0.30796792452726696,,,,,,
tsc_bakeoff_best,GunPointAgeSpan,WEASEL-2,30,0.9933544303797468,0.9934134615384616,0.9934134615384616,0.23953060796565215,,,,,,
tsc_bakeoff_best,GunPointMaleVersusFemale,FreshPRINCE,30,0.9938818565400844,0.9938661311914323,0.9998795180722891,0.032596042717934474,,,,,,
tsc_bakeoff_best,GunPointMaleVersusFemale,H-InceptionTime,30,0.9993670886075949,0.999376171352075,1.0,0.0024979077202303434,,,,,,
tsc_bakeoff_best,GunPointMaleVersusFemale,HC2,30,0.999789029535865,0.9997884872824633,0.9999986613119144,0.029645068602594273,,,,,,
tsc_bakeoff_best,GunPointMaleVersusFemale,MR-Hydra,30,1.0,1.0,1.0,2.220446049250313e-16,,,,,,
tsc_bakeoff_best,GunPointMaleVersusFemale,PF,30,0.9993670886075949,0.9993868808567604,1.0,0.019968272076371564,,,,,,
tsc_bakeoff_best,GunPointMaleVersusFemale,QUANT,30,0.99873417721519,0.9987737617135207,0.9999973226238287,0.031489558383659626,,,,,,
tsc_bakeoff_best,GunPointMaleVersusFemale,RDST,30,0.999789029535865,0.9997777777777778,0.9997777777777778,0.007604146284624094,,,,,,
tsc_bakeoff_best,GunPointMaleVersusFemale,WEASEL-2,30,0.9978902953586498,0.9978741633199465,0.9978741633199465,0.0760414628462389,,,,,,
tsc_bakeoff_best,GunPointOldVersusYoung,FreshPRINCE,30,1.0,1.0,1.0,0.0032002249708695,,,,,,
tsc_bakeoff_best,GunPointOldVersusYoung,H-InceptionTime,30,1.0,1.0,1.0,0.00019738429817332817,,,,,,
tsc_bakeoff_best,GunPointOldVersusYoung,HC2,30,0.99989417989418,0.9998888888888888,1.0,0.029268724756528378,,,,,,
tsc_bakeoff_best,GunPointOldVersusYoung,MR-Hydra,30,1.0,1.0,1.0,2.220446049250313e-16,,,,,,
tsc_bakeoff_best,GunPointOldVersusYoung,PF,30,1.0,1.0,1.0,0.0012084098600980567,,,,,,
tsc_bakeoff_best,GunPointOldVersusYoung,QUANT,30,1.0,1.0,1.0,0.003220915589360667,,,,,,
tsc_bakeoff_best,GunPointOldVersusYoung,RDST,30,1.0,1.0,1.0,2.220446049250313e-16,,,,,,
tsc_bakeoff_best,GunPointOldVersusYoung,WEASEL-2,30,0.9961904761904762,0.996040404040404,0.996040404040404,0.13730915576806552,,,,,,
tsc_bakeoff_best,Ham,FreshPRINCE,30,0.7774603174603174,0.77659767610748,0.8567296054224158,0.5030592149809471,,,,,,
tsc_bakeoff_best,Ham,H-InceptionTime,30,0.8568253968253968,0.8562273057371096,0.9307552650689905,0.48514271435287115,,,,,,
tsc_bakeoff_best,Ham,HC2,30,0.8596825396825397,0.8590958605664488,0.930876301137739,0.3648191576357015,,,,,,
tsc_bakeoff_best,Ham,MR-Hydra,30,0.8507936507936509,0.8508896151053013,0.8508896151053015,5.377941934249225,,,,,,
tsc_bakeoff_best,Ham,PF,30,0.7834920634920636,0.7821713870733478,0.8562757201646091,0.48739412684206956,,,,,,
tsc_bakeoff_best,Ham,QUANT,30,0.8190476190476191,0.8181735657225854,0.8909222948438634,0.4649462083183202,,,,,,
tsc_bakeoff_best,Ham,RDST,30,0.8482539682539681,0.8474400871459695,0.8474400871459695,5.469481371427936,,,,,,
tsc_bakeoff_best,Ham,WEASEL-2,30,0.8615873015873016,0.8607480029048656,0.8607480029048656,4.988899326239707,,,,,,
tsc_bakeoff_best,HandOutlines,FreshPRINCE,30,0.914864864864865,0.8996705899770523,0.9651798272051437,0.2393475745950771,,,,,,
tsc_bakeoff_best,HandOutlines,H-InceptionTime,30,0.9589189189189189,0.9493459386863783,0.9819665196747142,0.22064291934247635,,,,,,
tsc_bakeoff_best,HandOutlines,HC2,30,0.9377477477477478,0.9212720620115691,0.971715681609086,0.1969649952410989,,,,,,
tsc_bakeoff_best,HandOutlines,MR-Hydra,30,0.9524324324324325,0.940433361885727,0.940433361885727,1.7145089179688158,,,,,,
tsc_bakeoff_best,HandOutlines,PF,30,0.9118018018018018,0.8902958873978194,0.964501443482123,0.25075073759394656,,,,,,
tsc_bakeoff_best,HandOutlines,QUANT,30,0.9228828828828829,0.9085688905808825,0.9684411450567347,0.22157389302074543,,,,,,
tsc_bakeoff_best,HandOutlines,RDST,30,0.9473873873873874,0.9329209098696107,0.9329209098696107,1.8963507729049025,,,,,,
tsc_bakeoff_best,HandOutlines,WEASEL-2,30,0.940990990990991,0.9264432177490138,0.9264432177490138,2.126900267556012,,,,,,
tsc_bakeoff_best,Haptics,FreshPRINCE,30,0.504004329004329,0.5025088038160067,0.7942853295527648,1.2930633762948538,,,,,,
tsc_bakeoff_best,Haptics,H-InceptionTime,30,0.547077922077922,0.5457096206697857,0.8207454051320016,1.7287345868026651,,,,,,
tsc_bakeoff_best,Haptics,HC2,30,0.5533549783549784,0.5513654095221341,0.8392449473292293,1.171831308673564,,,,,,
tsc_bakeoff_best,Haptics,MR-Hydra,30,0.5359307359307359,0.5340741191640667,0.7093036365352824,16.726751702655232,,,,,,
tsc_bakeoff_best,Haptics,PF,30,0.4583333333333333,0.4581063200217498,0.7662327987407276,1.774612614183989,,,,,,
tsc_bakeoff_best,Haptics,QUANT,30,0.5186147186147186,0.5180689446785166,0.8008153467524138,1.2699706236001624,,,,,,
tsc_bakeoff_best,Haptics,RDST,30,0.5706709956709957,0.5683861202462265,0.7309103323430036,15.474585821929407,,,,,,
tsc_bakeoff_best,Haptics,WEASEL-2,30,0.5230519480519481,0.5212688596516735,0.7013039691938271,17.190950269030225,,,,,,
tsc_bakeoff_best,Herring,FreshPRINCE,30,0.6015625,0.555161943319838,0.60610661268556,0.6656203335175456,,,,,,
tsc_bakeoff_best,Herring,H-InceptionTime,30,0.6390625,0.6102226720647773,0.6758097165991903,1.1067584491929734,,,,,,
tsc_bakeoff_best,Herring,HC2,30,0.6192708333333333,0.5775641025641025,0.6748650472334682,0.6455194402319137,,,,,,
tsc_bakeoff_best,Herring,MR-Hydra,30,0.6307291666666667,0.6108974358974358,0.6108974358974358,13.309869923377114,,,,,,
tsc_bakeoff_best,Herring,PF,30,0.5744791666666667,0.54389338731444,0.5830465587044534,0.6959074312374567,,,,,,
tsc_bakeoff_best,Herring,QUANT,30,0.6104166666666667,0.5705128205128206,0.6501349527665318,0.6491420585238513,,,,,,
tsc_bakeoff_best,Herring,RDST,30,0.6380208333333334,0.6127867746288799,0.6127867746288799,13.047051617414803,,,,,,
tsc_bakeoff_best,Herring,WEASEL-2,30,0.603125,0.5655870445344129,0.565587044534413,14.304824938805869,,,,,,
tsc_bakeoff_best,HouseTwenty,FreshPRINCE,30,0.9492997198879553,0.9467342995169082,0.9897294685990338,0.16928812071931026,,,,,,
tsc_bakeoff_best,HouseTwenty,H-InceptionTime,30,0.9680672268907563,0.9673236714975846,0.9932270531400966,0.11617651996063619,,,,,,
tsc_bakeoff_best,HouseTwenty,HC2,30,0.9840336134453781,0.9820096618357488,0.9975652173913043,0.11095202843579972,,,,,,
tsc_bakeoff_best,HouseTwenty,MR-Hydra,30,0.981232492997199,0.9801449275362318,0.9801449275362318,0.6764495173867926,,,,,,
tsc_bakeoff_best,HouseTwenty,PF,30,0.9369747899159664,0.9351884057971014,0.9797632850241546,0.22072483980465776,,,,,,
tsc_bakeoff_best,HouseTwenty,QUANT,30,0.9680672268907563,0.9670483091787438,0.9875265700483092,0.18137301374296255,,,,,,
tsc_bakeoff_best,HouseTwenty,RDST,30,0.9742296918767507,0.9721787439613526,0.9721787439613526,0.928856053725148,,,,,,
tsc_bakeoff_best,HouseTwenty,WEASEL-2,30,0.9568627450980393,0.953256038647343,0.953256038647343,1.5548242638442695,,,,,,
tsc_bakeoff_best,InlineSkate,FreshPRINCE,30,0.5339393939393939,0.5521397325547118,0.8642250389905098,1.2522805628050504,,,,,,
tsc_bakeoff_best,InlineSkate,H-InceptionTime,30,0.5738181818181818,0.5949189900679102,0.8745696376268691,1.4681234524713578,,,,,,
tsc_bakeoff_best,InlineSkate,HC2,30,0.5262424242424243,0.5445512042723917,0.8528867430928433,1.2508847003107724,,,,,,
tsc_bakeoff_best,InlineSkate,MR-Hydra,30,0.5078787878787879,0.5283382644869973,0.7093330536432584,17.737846395129175,,,,,,
tsc_bakeoff_best,InlineSkate,PF,30,0.5610303030303031,0.5778650911661264,0.846459555673818,1.6072902453213405,,,,,,
tsc_bakeoff_best,InlineSkate,QUANT,30,0.580969696969697,0.5993252675056742,0.8856933737903459,1.2429175912446102,,,,,,
tsc_bakeoff_best,InlineSkate,RDST,30,0.45884848484848484,0.478184408444551,0.680741007367071,19.5050776431168,,,,,,
tsc_bakeoff_best,InlineSkate,WEASEL-2,30,0.45369696969696965,0.47178027228019903,0.6775413845902155,19.690757069666795,,,,,,
tsc_bakeoff_best,InsectEPGRegularTrain,FreshPRINCE,30,1.0,1.0,1.0,0.00897872968528814,,,,,,
tsc_bakeoff_best,InsectEPGRegularTrain,H-InceptionTime,30,1.0,1.0,1.0,1.9425846270733704e-05,,,,,,
tsc_bakeoff_best,InsectEPGRegularTrain,HC2,30,1.0,1.0,1.0,0.03343041742892063,,,,,,
tsc_bakeoff_best,InsectEPGRegularTrain,MR-Hydra,30,1.0,1.0,1.0,4.440892098500627e-16,,,,,,
tsc_bakeoff_best,InsectEPGRegularTrain,PF,30,1.0,1.0,1.0,0.00034578961162586036,,,,,,
tsc_bakeoff_best,InsectEPGRegularTrain,QUANT,30,1.0,1.0,1.0,0.0018097802798098,,,,,,
tsc_bakeoff_best,InsectEPGRegularTrain,RDST,30,1.0,1.0,1.0,4.440892098500627e-16,,,,,,
tsc_bakeoff_best,InsectEPGRegularTrain,WEASEL-2,30,1.0,1.0,1.0,4.440892098500627e-16,,,,,,
tsc_bakeoff_best,InsectEPGSmallTrain,FreshPRINCE,30,0.9998661311914323,0.9998751560549314,1.0,0.12487909394902119,,,,,,
tsc_bakeoff_best,InsectEPGSmallTrain,H-InceptionTime,30,1.0,1.0,1.0,2.0573198656372332e-05,,,,,,
tsc_bakeoff_best,InsectEPGSmallTrain,HC2,30,1.0,1.0,1.0,0.09967407388617074,,,,,,
tsc_bakeoff_best,InsectEPGSmallTrain,MR-Hydra,30,0.9847389558232931,0.9890814448041643,0.9907503019323671,0.5500637866612261,,,,,,
tsc_bakeoff_best,InsectEPGSmallTrain,PF,30,1.0,1.0,1.0,0.0029659609823881397,,,,,,
tsc_bakeoff_best,InsectEPGSmallTrain,QUANT,30,1.0,1.0,1.0,0.021336990835574797,,,,,,
tsc_bakeoff_best,InsectEPGSmallTrain,RDST,30,0.965194109772423,0.9490248770957207,0.969091118271441,1.2545314432624448,,,,,,
tsc_bakeoff_best,InsectEPGSmallTrain,WEASEL-2,30,0.9804551539491299,0.9806551334641223,0.9880555555555556,0.7044676566012191,,,,,,
tsc_bakeoff_best,InsectWingbeatSound,FreshPRINCE,30,0.648013468013468,0.648013468013468,0.9515517349420127,1.0296164720343257,,,,,,
tsc_bakeoff_best,InsectWingbeatSound,H-InceptionTime,30,0.6238383838383839,0.6238383838383839,0.9289760194537973,1.596640449060502,,,,,,
tsc_bakeoff_best,InsectWingbeatSound,HC2,30,0.6567171717171718,0.6567171717171718,0.9567433034044145,0.9100577348296905,,,,,,
tsc_bakeoff_best,InsectWingbeatSound,MR-Hydra,30,0.6668855218855219,0.6668855218855219,0.816787037037037,12.006662788054905,,,,,,
tsc_bakeoff_best,InsectWingbeatSound,PF,30,0.6069023569023568,0.6069023569023568,0.9436866348671905,1.2620995105948425,,,,,,
tsc_bakeoff_best,InsectWingbeatSound,QUANT,30,0.6564814814814814,0.6564814814814814,0.9522150673400673,1.0413318915926864,,,,,,
tsc_bakeoff_best,InsectWingbeatSound,RDST,30,0.65996632996633,0.65996632996633,0.8129814814814814,12.256055743323037,,,,,,
tsc_bakeoff_best,InsectWingbeatSound,WEASEL-2,30,0.6531481481481481,0.6531481481481481,0.8092314814814814,12.501807925521565,,,,,,
tsc_bakeoff_best,ItalyPowerDemand,FreshPRINCE,30,0.9607709750566894,0.9607599694757998,0.9913923392316566,0.13049478256097796,,,,,,
tsc_bakeoff_best,ItalyPowerDemand,H-InceptionTime,30,0.9592808551992226,0.9592981700590839,0.9887145458391888,0.19192260956082727,,,,,,
tsc_bakeoff_best,ItalyPowerDemand,HC2,30,0.9630385487528345,0.9630564622149689,0.9914248908230956,0.13423355839245457,,,,,,
tsc_bakeoff_best,ItalyPowerDemand,MR-Hydra,30,0.9648850016196955,0.9648996252474424,0.9648996252474424,1.2656728303791058,,,,,,
tsc_bakeoff_best,ItalyPowerDemand,PF,30,0.9560090702947847,0.9560217296039409,0.9907775108169505,0.14834890679314816,,,,,,
tsc_bakeoff_best,ItalyPowerDemand,QUANT,30,0.9615160349854227,0.961526474454871,0.9926563735638262,0.15650148308134298,,,,,,
tsc_bakeoff_best,ItalyPowerDemand,RDST,30,0.9511823777129899,0.9512049125829215,0.9512049125829215,1.7595654569938306,,,,,,
tsc_bakeoff_best,ItalyPowerDemand,WEASEL-2,30,0.9532879818594104,0.9533036402375448,0.9533036402375448,1.6836717909655632,,,,,,
tsc_bakeoff_best,LargeKitchenAppliances,FreshPRINCE,30,0.8929777777777778,0.8929777777777779,0.9771585777777777,0.33898250196230245,,,,,,
tsc_bakeoff_best,LargeKitchenAppliances,H-InceptionTime,30,0.9554666666666667,0.9554666666666666,0.9901080888888888,0.24640037493056788,,,,,,
tsc_bakeoff_best,LargeKitchenAppliances,HC2,30,0.939288888888889,0.9392888888888888,0.9874618666666667,0.26573917498774646,,,,,,
tsc_bakeoff_best,LargeKitchenAppliances,MR-Hydra,30,0.9411555555555555,0.9411555555555555,0.9558666666666666,2.1209687594307165,,,,,,
tsc_bakeoff_best,LargeKitchenAppliances,PF,30,0.8101333333333333,0.8101333333333334,0.9381372444444445,0.5189448569669779,,,,,,
tsc_bakeoff_best,LargeKitchenAppliances,QUANT,30,0.8792888888888889,0.8792888888888889,0.9688216888888889,0.3893862577521455,,,,,,
tsc_bakeoff_best,LargeKitchenAppliances,RDST,30,0.9184888888888889,0.918488888888889,0.9388666666666666,2.9379582362507053,,,,,,
tsc_bakeoff_best,LargeKitchenAppliances,WEASEL-2,30,0.8604444444444445,0.8604444444444445,0.8953333333333333,5.030092072970127,,,,,,
tsc_bakeoff_best,Lightning2,FreshPRINCE,30,0.7683060109289618,0.7533008658008657,0.8575396825396825,0.5061435349323354,,,,,,
tsc_bakeoff_best,Lightning2,H-InceptionTime,30,0.7939890710382513,0.785515873015873,0.9054834054834056,0.5867135435307753,,,,,,
tsc_bakeoff_best,Lightning2,HC2,30,0.7699453551912568,0.7556277056277056,0.8703463203463203,0.49480957513723917,,,,,,
tsc_bakeoff_best,Lightning2,MR-Hydra,30,0.7557377049180328,0.7462842712842712,0.7462842712842712,8.804105499964683,,,,,,
tsc_bakeoff_best,Lightning2,PF,30,0.8486338797814208,0.8375541125541126,0.9169191919191919,0.42473045275022503,,,,,,
tsc_bakeoff_best,Lightning2,QUANT,30,0.7808743169398906,0.7691558441558441,0.8903499278499278,0.4462671646091068,,,,,,
tsc_bakeoff_best,Lightning2,RDST,30,0.7612021857923497,0.7479978354978355,0.7479978354978356,8.607145645379342,,,,,,
tsc_bakeoff_best,Lightning2,WEASEL-2,30,0.7081967213114754,0.6941378066378067,0.6941378066378067,10.517656234857135,,,,,,
tsc_bakeoff_best,Lightning7,FreshPRINCE,30,0.7333333333333333,0.716622110832637,0.9474102066529372,0.8028740297148593,,,,,,
tsc_bakeoff_best,Lightning7,H-InceptionTime,30,0.8223744292237443,0.8342713927676333,0.9691400909533541,0.6366084619684055,,,,,,
tsc_bakeoff_best,Lightning7,HC2,30,0.7931506849315068,0.7888276246170983,0.9603881679975778,0.6688749274924479,,,,,,
tsc_bakeoff_best,Lightning7,MR-Hydra,30,0.8036529680365297,0.7957524764291681,0.8793270711729774,7.077064364073233,,,,,,
tsc_bakeoff_best,Lightning7,PF,30,0.7922374429223744,0.7755957353701715,0.9672969270146782,0.6616512956949406,,,,,,
tsc_bakeoff_best,Lightning7,QUANT,30,0.7470319634703196,0.7338928670883558,0.9546532743436648,0.7751989528106419,,,,,,
tsc_bakeoff_best,Lightning7,RDST,30,0.7356164383561643,0.7324308787842623,0.8375858043600275,9.529349457670701,,,,,,
tsc_bakeoff_best,Lightning7,WEASEL-2,30,0.7598173515981734,0.761030552571906,0.8520076583431045,8.65706012907563,,,,,,
tsc_bakeoff_best,Mallat,FreshPRINCE,30,0.9641080312722103,0.9641927824602212,0.9983704940758481,0.3101369293093104,,,,,,
tsc_bakeoff_best,Mallat,H-InceptionTime,30,0.9596730632551528,0.959891668315833,0.9986739237872343,0.14561998278469832,,,,,,
tsc_bakeoff_best,Mallat,HC2,30,0.9766311300639658,0.9767683062572663,0.9999218758446476,0.18735016337178162,,,,,,
tsc_bakeoff_best,Mallat,MR-Hydra,30,0.9527789623312012,0.9531136336158155,0.9730347320961923,1.7020187144086327,,,,,,
tsc_bakeoff_best,Mallat,PF,30,0.9720113717128643,0.9720051854519833,0.9987554284941015,0.1207692487102588,,,,,,
tsc_bakeoff_best,Mallat,QUANT,30,0.9613930348258707,0.9616126603347269,0.9994302574107389,0.17312267423627245,,,,,,
tsc_bakeoff_best,Mallat,RDST,30,0.9551528073916133,0.9556981404753718,0.9743755356631519,1.6164566658516664,,,,,,
tsc_bakeoff_best,Mallat,WEASEL-2,30,0.9516702203269368,0.9521236283887711,0.9723990369890035,1.7419818269082936,,,,,,
tsc_bakeoff_best,Meat,FreshPRINCE,30,0.9805555555555556,0.9805555555555556,0.9997777777777778,0.09942438607078861,,,,,,
tsc_bakeoff_best,Meat,H-InceptionTime,30,0.9794444444444445,0.9794444444444445,0.9991944444444445,0.06226043215821244,,,,,,
tsc_bakeoff_best,Meat,HC2,30,0.9844444444444445,0.9844444444444445,0.9995416666666668,0.0630138017776852,,,,,,
tsc_bakeoff_best,Meat,MR-Hydra,30,0.9844444444444443,0.9844444444444445,0.9883333333333333,0.5606790527196004,,,,,,
tsc_bakeoff_best,Meat,PF,30,0.9872222222222222,0.9872222222222222,0.9990833333333333,0.07590091304055642,,,,,,
tsc_bakeoff_best,Meat,QUANT,30,0.9844444444444445,0.9844444444444445,0.9991111111111111,0.09707488426864122,,,,,,
tsc_bakeoff_best,Meat,RDST,30,0.9816666666666667,0.9816666666666668,0.98625,0.6608003121338147,,,,,,
tsc_bakeoff_best,Meat,WEASEL-2,30,0.9827777777777779,0.9827777777777779,0.9870833333333333,0.620751808368129,,,,,,
tsc_bakeoff_best,MedicalImages,FreshPRINCE,30,0.8053070175438596,0.7447405332058589,0.960518367717103,0.6163546567405067,,,,,,
tsc_bakeoff_best,MedicalImages,H-InceptionTime,30,0.7976754385964911,0.7681576147200632,0.9369077488603182,1.0024690071691702,,,,,,
tsc_bakeoff_best,MedicalImages,HC2,30,0.8110526315789474,0.7315974904183838,0.9605475140660846,0.58885001769727,,,,,,
tsc_bakeoff_best,MedicalImages,MR-Hydra,30,0.809780701754386,0.7460346719450527,0.8559167375245733,6.856198453886015,,,,,,
tsc_bakeoff_best,MedicalImages,PF,30,0.7714473684210525,0.7401334681829154,0.9405297934883162,0.6962151115412906,,,,,,
tsc_bakeoff_best,MedicalImages,QUANT,30,0.8123245614035087,0.735534538192712,0.9606435965886663,0.6257377143621892,,,,,,
tsc_bakeoff_best,MedicalImages,RDST,30,0.7743421052631578,0.6570279846663191,0.822966306121589,8.133534942412624,,,,,,
tsc_bakeoff_best,MedicalImages,WEASEL-2,30,0.781798245614035,0.6791977474204013,0.8324079826807976,7.8647884039849965,,,,,,
tsc_bakeoff_best,MiddlePhalanxOutlineAgeGroup,FreshPRINCE,30,0.6764069264069263,0.6377852382162726,0.7648967594694868,0.9803606513944375,,,,,,
tsc_bakeoff_best,MiddlePhalanxOutlineAgeGroup,H-InceptionTime,30,0.5915584415584416,0.6053954032402308,0.7456060928970021,1.9870978827319985,,,,,,
tsc_bakeoff_best,MiddlePhalanxOutlineAgeGroup,HC2,30,0.6893939393939394,0.6459583015617498,0.7806812493903403,0.7920786761869626,,,,,,
tsc_bakeoff_best,MiddlePhalanxOutlineAgeGroup,MR-Hydra,30,0.656926406926407,0.6338557993730408,0.6970927738927739,12.365625675703614,,,,,,
tsc_bakeoff_best,MiddlePhalanxOutlineAgeGroup,PF,30,0.658874458874459,0.6348751965131275,0.7730112560839834,1.0608216878912888,,,,,,
tsc_bakeoff_best,MiddlePhalanxOutlineAgeGroup,QUANT,30,0.7038961038961039,0.6552135991791165,0.7794458696185969,0.8792099515085104,,,,,,
tsc_bakeoff_best,MiddlePhalanxOutlineAgeGroup,RDST,30,0.672077922077922,0.6407874175115554,0.6987488733488733,11.819509715262443,,,,,,
tsc_bakeoff_best,MiddlePhalanxOutlineAgeGroup,WEASEL-2,30,0.7173160173160174,0.6520607990435576,0.713370732970733,10.188963490516667,,,,,,
tsc_bakeoff_best,MiddlePhalanxOutlineCorrect,FreshPRINCE,30,0.8458190148911798,0.8313349397590362,0.938247389558233,0.358564728660169,,,,,,
tsc_bakeoff_best,MiddlePhalanxOutlineCorrect,H-InceptionTime,30,0.841008018327606,0.8300160642570281,0.9227172690763051,0.7341382693030537,,,,,,
tsc_bakeoff_best,MiddlePhalanxOutlineCorrect,HC2,30,0.8305841924398626,0.8115269076305222,0.931318875502008,0.37599977339754853,,,,,,
tsc_bakeoff_best,MiddlePhalanxOutlineCorrect,MR-Hydra,30,0.8504009163802979,0.8370305220883534,0.8370305220883534,5.392097517318098,,,,,,
tsc_bakeoff_best,MiddlePhalanxOutlineCorrect,PF,30,0.8240549828178695,0.8048819277108433,0.9201935742971887,0.3864660510582522,,,,,,
tsc_bakeoff_best,MiddlePhalanxOutlineCorrect,QUANT,30,0.8253150057273769,0.8066449799196787,0.9288369477911647,0.38185488081787367,,,,,,
tsc_bakeoff_best,MiddlePhalanxOutlineCorrect,RDST,30,0.8264604810996564,0.808340562248996,0.8083405622489959,6.254998268558131,,,,,,
tsc_bakeoff_best,MiddlePhalanxOutlineCorrect,WEASEL-2,30,0.8336769759450172,0.8169710843373494,0.8169710843373494,5.994889429667595,,,,,,
tsc_bakeoff_best,MiddlePhalanxTW,FreshPRINCE,30,0.5798701298701299,0.40966627628946467,0.8294851203240878,1.0532718429151415,,,,,,
tsc_bakeoff_best,MiddlePhalanxTW,H-InceptionTime,30,0.5212121212121212,0.4017185031822713,0.7927050341217895,2.577775065860688,,,,,,
tsc_bakeoff_best,MiddlePhalanxTW,HC2,30,0.5699134199134199,0.39587725076855507,0.8323039200216683,1.0513672675163668,,,,,,
tsc_bakeoff_best,MiddlePhalanxTW,MR-Hydra,30,0.5471861471861472,0.39024039218966755,0.7107246642275521,16.321065560613224,,,,,,
tsc_bakeoff_best,MiddlePhalanxTW,PF,30,0.5491341991341991,0.3927354392789175,0.8148234153475025,1.2182428743919302,,,,,,
tsc_bakeoff_best,MiddlePhalanxTW,QUANT,30,0.5833333333333334,0.40283261531812253,0.8336534435600306,1.0204131066610473,,,,,,
tsc_bakeoff_best,MiddlePhalanxTW,RDST,30,0.5547619047619048,0.3909365044509972,0.7134330917221994,16.04800758039264,,,,,,
tsc_bakeoff_best,MiddlePhalanxTW,WEASEL-2,30,0.585930735930736,0.4027123407992973,0.7276075375647096,14.924569033199374,,,,,,
tsc_bakeoff_best,MixedShapesRegularTrain,FreshPRINCE,30,0.949828178694158,0.9487177326619681,0.9955822345296338,0.2189660617674975,,,,,,
tsc_bakeoff_best,MixedShapesRegularTrain,H-InceptionTime,30,0.9771408934707904,0.9767190375735388,0.9988983530774982,0.08852517809491989,,,,,,
tsc_bakeoff_best,MixedShapesRegularTrain,HC2,30,0.9746941580756014,0.9738091693372577,0.9989471134827407,0.11466436674566666,,,,,,
tsc_bakeoff_best,MixedShapesRegularTrain,MR-Hydra,30,0.981745704467354,0.9814818237871857,0.9883811967142871,0.6579515010412046,,,,,,
tsc_bakeoff_best,MixedShapesRegularTrain,PF,30,0.963807560137457,0.9630067057515085,0.9969556616053177,0.17562557167806586,,,,,,
tsc_bakeoff_best,MixedShapesRegularTrain,QUANT,30,0.9677800687285224,0.9662818257110107,0.998226238608567,0.16318020003772854,,,,,,
tsc_bakeoff_best,MixedShapesRegularTrain,RDST,30,0.9794364261168383,0.9793499694613551,0.9869454242200802,0.7411863294861762,,,,,,
tsc_bakeoff_best,MixedShapesRegularTrain,WEASEL-2,30,0.971766323024055,0.9717550050008186,0.9821758633513846,1.0176448668212603,,,,,,
tsc_bakeoff_best,MixedShapesSmallTrain,FreshPRINCE,30,0.8984329896907217,0.8990867296034605,0.9857232886409398,0.38097098466747464,,,,,,
tsc_bakeoff_best,MixedShapesSmallTrain,H-InceptionTime,30,0.9273951890034364,0.9257000814598108,0.9914060887441553,0.2545536756809825,,,,,,
tsc_bakeoff_best,MixedShapesSmallTrain,HC2,30,0.9543780068728522,0.9538856066790107,0.9967282820868439,0.2022364868202444,,,,,,
tsc_bakeoff_best,MixedShapesSmallTrain,MR-Hydra,30,0.9589553264604811,0.9581924660840105,0.9738563645496296,1.4793999865278882,,,,,,
tsc_bakeoff_best,MixedShapesSmallTrain,PF,30,0.9280549828178694,0.929805801356664,0.9903185617358187,0.31413277381813276,,,,,,
tsc_bakeoff_best,MixedShapesSmallTrain,QUANT,30,0.9343230240549828,0.9339634276849437,0.9936452635668093,0.28431204579513325,,,,,,
tsc_bakeoff_best,MixedShapesSmallTrain,RDST,30,0.9564123711340206,0.9575820529598078,0.9724700990105817,1.5710573868988391,,,,,,
tsc_bakeoff_best,MixedShapesSmallTrain,WEASEL-2,30,0.9493745704467355,0.9502732234315051,0.9680284934140527,1.8247254354930382,,,,,,
tsc_bakeoff_best,MoteStrain,FreshPRINCE,30,0.8717784877529287,0.871919036309562,0.954916361769048,0.3265714012349063,,,,,,
tsc_bakeoff_best,MoteStrain,H-InceptionTime,30,0.8720181043663472,0.8705392729529068,0.94465310139718,0.5705867095970423,,,,,,
tsc_bakeoff_best,MoteStrain,HC2,30,0.9284611288604899,0.9280851145773157,0.9854365919934955,0.23563688656547555,,,,,,
tsc_bakeoff_best,MoteStrain,MR-Hydra,30,0.9039669861554845,0.9027270470933093,0.9027270470933093,3.4613806649240035,,,,,,
tsc_bakeoff_best,MoteStrain,PF,30,0.9149627263045794,0.9147488285512549,0.9732581466504054,0.24116253035852933,,,,,,
tsc_bakeoff_best,MoteStrain,QUANT,30,0.9230564430244942,0.9234082632603718,0.9824325052955902,0.2791626702337246,,,,,,
tsc_bakeoff_best,MoteStrain,RDST,30,0.9317625133120341,0.9328410895008238,0.9328410895008238,2.4595283183255394,,,,,,
tsc_bakeoff_best,MoteStrain,WEASEL-2,30,0.9445686900958467,0.9472212593876372,0.9472212593876372,1.9979469210900405,,,,,,
tsc_bakeoff_best,NonInvasiveFetalECGThorax1,FreshPRINCE,30,0.931891433418151,0.929384101130706,0.9986418377722476,0.3429922713431572,,,,,,
tsc_bakeoff_best,NonInvasiveFetalECGThorax1,H-InceptionTime,30,0.9618490245971162,0.9600993994554393,0.9994996392327076,0.13012899699388059,,,,,,
tsc_bakeoff_best,NonInvasiveFetalECGThorax1,HC2,30,0.955114503816794,0.9543608689044165,0.9994195457816137,0.2674730660355147,,,,,,
tsc_bakeoff_best,NonInvasiveFetalECGThorax1,MR-Hydra,30,0.9601017811704834,0.9581433932228302,0.9795992617960523,1.4380775703342508,,,,,,
tsc_bakeoff_best,NonInvasiveFetalECGThorax1,PF,30,0.9070568278201866,0.9051158174829684,0.9978063543095795,0.37533532230015043,,,,,,
tsc_bakeoff_best,NonInvasiveFetalECGThorax1,QUANT,30,0.937540288379983,0.9352776647856516,0.9987612090744781,0.4027462282997524,,,,,,
tsc_bakeoff_best,NonInvasiveFetalECGThorax1,RDST,30,0.9272603901611535,0.9261247349325028,0.9628001519243826,2.6218012846910077,,,,,,
tsc_bakeoff_best,NonInvasiveFetalECGThorax1,WEASEL-2,30,0.9321289228159456,0.9306174969071693,0.9652916196755703,2.446321581168079,,,,,,
tsc_bakeoff_best,NonInvasiveFetalECGThorax2,FreshPRINCE,30,0.944885496183206,0.9418134614180915,0.9987451418817676,0.2791954724546468,,,,,,
tsc_bakeoff_best,NonInvasiveFetalECGThorax2,H-InceptionTime,30,0.9673621713316369,0.9643994615962657,0.9993064289620894,0.12108105322700582,,,,,,
tsc_bakeoff_best,NonInvasiveFetalECGThorax2,HC2,30,0.9643087362171331,0.962372244284786,0.9995126662981816,0.21522288240540094,,,,,,
tsc_bakeoff_best,NonInvasiveFetalECGThorax2,MR-Hydra,30,0.9681424936386769,0.9656662972700633,0.9837110880816679,1.1482609171291358,,,,,,
tsc_bakeoff_best,NonInvasiveFetalECGThorax2,PF,30,0.9379983036471586,0.9352106414091523,0.998583579578778,0.2647244917803706,,,,,,
tsc_bakeoff_best,NonInvasiveFetalECGThorax2,QUANT,30,0.955470737913486,0.9524508307752444,0.9991451704933783,0.30630402664561623,,,,,,
tsc_bakeoff_best,NonInvasiveFetalECGThorax2,RDST,30,0.9423240033927057,0.939945070857646,0.9704989800081738,2.0788536305852228,,,,,,
tsc_bakeoff_best,NonInvasiveFetalECGThorax2,WEASEL-2,30,0.9569465648854962,0.9545005457668576,0.9779820153712886,1.5518030924780304,,,,,,
tsc_bakeoff_best,OSULeaf,FreshPRINCE,30,0.8696969696969696,0.8634912531108184,0.9861013457282527,0.41933484312552394,,,,,,
tsc_bakeoff_best,OSULeaf,H-InceptionTime,30,0.9617079889807163,0.960638894117155,0.9969620762807329,0.13951907781546094,,,,,,
tsc_bakeoff_best,OSULeaf,HC2,30,0.968595041322314,0.9654461998347869,0.9983049378451481,0.2710810652160952,,,,,,
tsc_bakeoff_best,OSULeaf,MR-Hydra,30,0.9694214876033058,0.9685452414936111,0.9813187089973667,1.1021613019812693,,,,,,
tsc_bakeoff_best,OSULeaf,PF,30,0.8585399449035813,0.8565465733943995,0.9812475819909869,0.5803127398586573,,,,,,
tsc_bakeoff_best,OSULeaf,QUANT,30,0.8803030303030304,0.8698320746282703,0.9842493156151246,0.437478416159234,,,,,,
tsc_bakeoff_best,OSULeaf,RDST,30,0.9707988980716254,0.9691118090846351,0.9820890433660665,1.0525143964866175,,,,,,
tsc_bakeoff_best,OSULeaf,WEASEL-2,30,0.9725895316804408,0.9703090624150407,0.9834579657239954,0.9879734193435702,,,,,,
tsc_bakeoff_best,OliveOil,FreshPRINCE,30,0.8788888888888889,0.8587962962962963,0.9672525301858634,0.5062139893846926,,,,,,
tsc_bakeoff_best,OliveOil,H-InceptionTime,30,0.8444444444444446,0.8105092592592592,0.9470360873694207,0.742511418953042,,,,,,
tsc_bakeoff_best,OliveOil,HC2,30,0.8877777777777778,0.8590277777777777,0.9800379867046534,0.3470804170168405,,,,,,
tsc_bakeoff_best,OliveOil,MR-Hydra,30,0.8977777777777778,0.875,0.9294224664224664,3.6844623464430866,,,,,,
tsc_bakeoff_best,OliveOil,PF,30,0.8788888888888889,0.8472685185185185,0.9607139194139194,1.2406143449923346,,,,,,
tsc_bakeoff_best,OliveOil,QUANT,30,0.9022222222222223,0.8861111111111111,0.9755105413105413,0.41889974257556983,,,,,,
tsc_bakeoff_best,OliveOil,RDST,30,0.9,0.8728240740740741,0.9303740333740332,3.604365338911715,,,,,,
tsc_bakeoff_best,OliveOil,WEASEL-2,30,0.9311111111111111,0.9256944444444444,0.9512108262108261,2.4830072334725153,,,,,,
tsc_bakeoff_best,PhalangesOutlinesCorrect,FreshPRINCE,30,0.8477078477078478,0.8218946126712172,0.9249821529463863,0.3680684686656903,,,,,,
tsc_bakeoff_best,PhalangesOutlinesCorrect,H-InceptionTime,30,0.8546231546231546,0.8388474048284392,0.9224491120375036,0.6269589427172909,,,,,,
tsc_bakeoff_best,PhalangesOutlinesCorrect,HC2,30,0.8430458430458431,0.8112787652511185,0.9299801869073252,0.3609756873848682,,,,,,
tsc_bakeoff_best,PhalangesOutlinesCorrect,MR-Hydra,30,0.8594017094017093,0.838393688823736,0.838393688823736,5.067676053427155,,,,,,
tsc_bakeoff_best,PhalangesOutlinesCorrect,PF,30,0.8290986790986792,0.7971263380518271,0.9151037610518118,0.3859848006377418,,,,,,
tsc_bakeoff_best,PhalangesOutlinesCorrect,QUANT,30,0.8498834498834499,0.8228173148869241,0.9301465367172111,0.3682962583727365,,,,,,
tsc_bakeoff_best,PhalangesOutlinesCorrect,RDST,30,0.8290986790986792,0.798589032937835,0.798589032937835,6.159907974309493,,,,,,
tsc_bakeoff_best,PhalangesOutlinesCorrect,WEASEL-2,30,0.8444832944832945,0.8185981568860996,0.8185981568860996,5.605390229861538,,,,,,
tsc_bakeoff_best,Phoneme,FreshPRINCE,30,0.35571378340365684,0.17760643615603153,0.8570774316180914,3.137711299616927,,,,,,
tsc_bakeoff_best,Phoneme,H-InceptionTime,30,0.33735935302390996,0.2249458184805505,0.8256055235581508,3.48294935445089,,,,,,
tsc_bakeoff_best,Phoneme,HC2,30,0.3969409282700422,0.23051090635039612,0.8823845801546579,2.3827333139128215,,,,,,
tsc_bakeoff_best,Phoneme,MR-Hydra,30,0.3646097046413502,0.2106229054991101,0.6631931054403201,22.901787572715953,,,,,,
tsc_bakeoff_best,Phoneme,PF,30,0.3204113924050633,0.23723259119898918,0.823695863216545,6.304724167549762,,,,,,
tsc_bakeoff_best,Phoneme,QUANT,30,0.3726793248945147,0.221176413345965,0.8550147036678539,3.639589600857024,,,,,,
tsc_bakeoff_best,Phoneme,RDST,30,0.3410864978902953,0.1699838763111834,0.6479516821978828,23.749649883451514,,,,,,
tsc_bakeoff_best,Phoneme,WEASEL-2,30,0.3382735583684951,0.18671640838402054,0.6483038487701751,23.851038500579833,,,,,,
tsc_bakeoff_best,PigAirwayPressure,FreshPRINCE,30,0.45384615384615384,0.45384615384615384,0.9660739536199096,1.9888883175521876,,,,,,
tsc_bakeoff_best,PigAirwayPressure,H-InceptionTime,30,0.8969551282051282,0.8969551282051282,0.9955513134741076,0.4007632783804824,,,,,,
tsc_bakeoff_best,PigAirwayPressure,HC2,30,0.9568910256410257,0.9568910256410257,0.9998727375565611,0.469085421011912,,,,,,
tsc_bakeoff_best,PigAirwayPressure,MR-Hydra,30,0.7275641025641025,0.7275641025641025,0.8611111111111112,9.819585057932569,,,,,,
tsc_bakeoff_best,PigAirwayPressure,PF,30,0.2754807692307692,0.2754807692307692,0.8290672919808949,9.531821869440368,,,,,,
tsc_bakeoff_best,PigAirwayPressure,QUANT,30,0.4527243589743589,0.4527243589743589,0.9701801313474108,1.786885548851606,,,,,,
tsc_bakeoff_best,PigAirwayPressure,RDST,30,0.7809294871794872,0.7809294871794872,0.8883169934640524,7.8961016318787225,,,,,,
tsc_bakeoff_best,PigAirwayPressure,WEASEL-2,30,0.8628205128205129,0.8628205128205129,0.9300653594771242,4.944449887994289,,,,,,
tsc_bakeoff_best,PigArtPressure,FreshPRINCE,30,0.8705128205128205,0.8705128205128205,0.9906929518602312,1.4522356056987251,,,,,,
tsc_bakeoff_best,PigArtPressure,H-InceptionTime,30,0.934775641025641,0.934775641025641,0.9989473353443942,0.26285324390763876,,,,,,
tsc_bakeoff_best,PigArtPressure,HC2,30,0.9823717948717949,0.9823717948717949,0.9997274069884364,0.2810109599384234,,,,,,
tsc_bakeoff_best,PigArtPressure,MR-Hydra,30,0.9269230769230768,0.9269230769230768,0.9627450980392157,2.6339592861278045,,,,,,
tsc_bakeoff_best,PigArtPressure,PF,30,0.7157051282051282,0.7157051282051282,0.9739646178984415,1.9349483511131103,,,,,,
tsc_bakeoff_best,PigArtPressure,QUANT,30,0.8892628205128206,0.8892628205128206,0.9930814793866265,1.1769776745652591,,,,,,
tsc_bakeoff_best,PigArtPressure,RDST,30,0.9323717948717949,0.9323717948717949,0.9655228758169936,2.4375675849691527,,,,,,
tsc_bakeoff_best,PigArtPressure,WEASEL-2,30,0.9576923076923076,0.9576923076923076,0.9784313725490197,1.5249237972318916,,,,,,
tsc_bakeoff_best,PigCVP,FreshPRINCE,30,0.7157051282051282,0.7157051282051282,0.9771194695827049,2.0090216869465993,,,,,,
tsc_bakeoff_best,PigCVP,H-InceptionTime,30,0.9067307692307692,0.9067307692307692,0.9953667043740573,0.4434057170242879,,,,,,
tsc_bakeoff_best,PigCVP,HC2,30,0.9296474358974359,0.9296474358974359,0.9911548673956763,0.5138879971327802,,,,,,
tsc_bakeoff_best,PigCVP,MR-Hydra,30,0.8533653846153847,0.8533653846153847,0.9252450980392157,5.285247251769595,,,,,,
tsc_bakeoff_best,PigCVP,PF,30,0.5004807692307692,0.5004807692307692,0.9446636186525892,3.503410349579252,,,,,,
tsc_bakeoff_best,PigCVP,QUANT,30,0.641025641025641,0.641025641025641,0.9702178387380592,2.1317385949272887,,,,,,
tsc_bakeoff_best,PigCVP,RDST,30,0.9072115384615385,0.9072115384615385,0.9526960784313726,3.3444351462017483,,,,,,
tsc_bakeoff_best,PigCVP,WEASEL-2,30,0.9440705128205128,0.9440705128205128,0.9714869281045752,2.01590305012852,,,,,,
tsc_bakeoff_best,Plane,FreshPRINCE,30,0.9952380952380953,0.9949773242630385,0.9999829322409968,0.08764615978267483,,,,,,
tsc_bakeoff_best,Plane,H-InceptionTime,30,0.9977777777777778,0.9977777777777778,1.0,0.004820308530197099,,,,,,
tsc_bakeoff_best,Plane,HC2,30,1.0,1.0,1.0,0.03821488449510914,,,,,,
tsc_bakeoff_best,Plane,MR-Hydra,30,1.0,1.0,1.0,1.3322676295501882e-15,,,,,,
tsc_bakeoff_best,Plane,PF,30,1.0,1.0,1.0,0.008184150645350264,,,,,,
tsc_bakeoff_best,Plane,QUANT,30,1.0,1.0,1.0,0.0867450285002722,,,,,,
tsc_bakeoff_best,Plane,RDST,30,1.0,1.0,1.0,1.3322676295501882e-15,,,,,,
tsc_bakeoff_best,Plane,WEASEL-2,30,1.0,1.0,1.0,1.3322676295501882e-15,,,,,,
tsc_bakeoff_best,PowerCons,FreshPRINCE,30,0.9583333333333334,0.9583333333333334,0.994991769547325,0.1077131035782531,,,,,,
tsc_bakeoff_best,PowerCons,H-InceptionTime,30,0.9866666666666666,0.9866666666666667,0.9990864197530864,0.039330007650999026,,,,,,
tsc_bakeoff_best,PowerCons,HC2,30,0.9757407407407407,0.9757407407407407,0.9984156378600823,0.0976448488563023,,,,,,
tsc_bakeoff_best,PowerCons,MR-Hydra,30,0.9798148148148147,0.9798148148148148,0.9798148148148148,0.7275478184099575,,,,,,
tsc_bakeoff_best,PowerCons,PF,30,0.9874074074074073,0.9874074074074074,0.9992510288065843,0.07017376777169909,,,,,,
tsc_bakeoff_best,PowerCons,QUANT,30,0.9918518518518518,0.9918518518518518,0.9997551440329218,0.05653888188341708,,,,,,
tsc_bakeoff_best,PowerCons,RDST,30,0.9801851851851852,0.9801851851851852,0.9801851851851852,0.7141983171547289,,,,,,
tsc_bakeoff_best,PowerCons,WEASEL-2,30,0.9262962962962964,0.9262962962962964,0.9262962962962964,2.6565507497904863,,,,,,
tsc_bakeoff_best,ProximalPhalanxOutlineAgeGroup,FreshPRINCE,30,0.8411382113821139,0.8129792038027333,0.9406370786663989,0.44419540592337065,,,,,,
tsc_bakeoff_best,ProximalPhalanxOutlineAgeGroup,H-InceptionTime,30,0.824390243902439,0.7812448009506833,0.926436056793348,0.997405896306604,,,,,,
tsc_bakeoff_best,ProximalPhalanxOutlineAgeGroup,HC2,30,0.8570731707317073,0.8159943553178848,0.9477599861362187,0.35953612155043685,,,,,,
tsc_bakeoff_best,ProximalPhalanxOutlineAgeGroup,MR-Hydra,30,0.8448780487804878,0.8005724896019013,0.8782154331090501,5.591161842799636,,,,,,
tsc_bakeoff_best,ProximalPhalanxOutlineAgeGroup,PF,30,0.8401626016260162,0.8027599524658348,0.9369438987851028,0.4970967350079894,,,,,,
tsc_bakeoff_best,ProximalPhalanxOutlineAgeGroup,QUANT,30,0.8502439024390244,0.808251633986928,0.9486184945673789,0.382964532390514,,,,,,
tsc_bakeoff_best,ProximalPhalanxOutlineAgeGroup,RDST,30,0.8455284552845528,0.8175793226381461,0.8787441656058678,5.567718816205089,,,,,,
tsc_bakeoff_best,ProximalPhalanxOutlineAgeGroup,WEASEL-2,30,0.859349593495935,0.8265508021390374,0.8881908182440097,5.069554501070949,,,,,,
tsc_bakeoff_best,ProximalPhalanxOutlineCorrect,FreshPRINCE,30,0.89553264604811,0.8595240696234797,0.9460126720559319,0.2835493177347035,,,,,,
tsc_bakeoff_best,ProximalPhalanxOutlineCorrect,H-InceptionTime,30,0.9056128293241695,0.8775116524652247,0.948890284757119,0.4981529709330113,,,,,,
tsc_bakeoff_best,ProximalPhalanxOutlineCorrect,HC2,30,0.8917525773195877,0.8433180394727259,0.9468875172966281,0.2752070551812256,,,,,,
tsc_bakeoff_best,ProximalPhalanxOutlineCorrect,MR-Hydra,30,0.9101947308132875,0.8758939625664556,0.8758939625664556,3.236909995082228,,,,,,
tsc_bakeoff_best,ProximalPhalanxOutlineCorrect,PF,30,0.865864833906071,0.814259704318695,0.9253814361663389,0.34220293934747736,,,,,,
tsc_bakeoff_best,ProximalPhalanxOutlineCorrect,QUANT,30,0.9006872852233677,0.8604681013764475,0.9496531570897968,0.2832962268003045,,,,,,
tsc_bakeoff_best,ProximalPhalanxOutlineCorrect,RDST,30,0.8793814432989691,0.8283309664263345,0.8283309664263345,4.347533450027533,,,,,,
tsc_bakeoff_best,ProximalPhalanxOutlineCorrect,WEASEL-2,30,0.8965635738831615,0.8556022867963003,0.8556022867963003,3.7282266907643513,,,,,,
tsc_bakeoff_best,ProximalPhalanxTW,FreshPRINCE,30,0.8130081300813008,0.5979154821132433,0.9563437270414867,0.5894343215870764,,,,,,
tsc_bakeoff_best,ProximalPhalanxTW,H-InceptionTime,30,0.8001626016260163,0.6319684316512675,0.9486442486132695,1.027978941791845,,,,,,
tsc_bakeoff_best,ProximalPhalanxTW,HC2,30,0.813170731707317,0.5426125325752191,0.9577302860999297,0.49581210988597985,,,,,,
tsc_bakeoff_best,ProximalPhalanxTW,MR-Hydra,30,0.8011382113821138,0.551069322698676,0.8678158716627276,7.167705381282972,,,,,,
tsc_bakeoff_best,ProximalPhalanxTW,PF,30,0.7907317073170732,0.5526621851062149,0.9473355036211566,0.6817419676069189,,,,,,
tsc_bakeoff_best,ProximalPhalanxTW,QUANT,30,0.8159349593495935,0.5811238450604123,0.961957654619469,0.49479884048560757,,,,,,
tsc_bakeoff_best,ProximalPhalanxTW,RDST,30,0.7970731707317074,0.5052529021558873,0.8629040872338595,7.314224297498896,,,,,,
tsc_bakeoff_best,ProximalPhalanxTW,WEASEL-2,30,0.8019512195121952,0.508681592039801,0.8656817815112752,7.1384015980397875,,,,,,
tsc_bakeoff_best,RefrigerationDevices,FreshPRINCE,30,0.7474666666666666,0.7474666666666666,0.9028563555555554,0.6220127952957443,,,,,,
tsc_bakeoff_best,RefrigerationDevices,H-InceptionTime,30,0.7650666666666666,0.7650666666666667,0.8910257777777777,1.4031746893900656,,,,,,
tsc_bakeoff_best,RefrigerationDevices,HC2,30,0.8168000000000001,0.8168000000000001,0.9428775111111112,0.4933342238646429,,,,,,
tsc_bakeoff_best,RefrigerationDevices,MR-Hydra,30,0.7485333333333333,0.7485333333333334,0.8114,9.063777372249994,,,,,,
tsc_bakeoff_best,RefrigerationDevices,PF,30,0.6723555555555555,0.6723555555555555,0.8432273777777778,0.7580360506502297,,,,,,
tsc_bakeoff_best,RefrigerationDevices,QUANT,30,0.7444444444444444,0.7444444444444446,0.9013262222222221,0.6193394173273548,,,,,,
tsc_bakeoff_best,RefrigerationDevices,RDST,30,0.7502222222222222,0.7502222222222222,0.8126666666666666,9.002903646526152,,,,,,
tsc_bakeoff_best,RefrigerationDevices,WEASEL-2,30,0.7711111111111111,0.7711111111111112,0.8283333333333333,8.249991775731258,,,,,,
tsc_bakeoff_best,Rock,FreshPRINCE,30,0.8473333333333333,0.8612433862433863,0.9608719582989979,0.5361685192219435,,,,,,
tsc_bakeoff_best,Rock,H-InceptionTime,30,0.6666666666666666,0.701521164021164,0.8614338747723945,1.3597570117870987,,,,,,
tsc_bakeoff_best,Rock,HC2,30,0.8773333333333333,0.888888888888889,0.9812544168910864,0.41781966713570795,,,,,,
tsc_bakeoff_best,Rock,MR-Hydra,30,0.874,0.8935185185185185,0.9174606663778236,4.5415003270287615,,,,,,
tsc_bakeoff_best,Rock,PF,30,0.7746666666666666,0.7851190476190476,0.9377110309713338,0.6434662776102413,,,,,,
tsc_bakeoff_best,Rock,QUANT,30,0.7906666666666666,0.7878306878306879,0.9292883439100849,0.8150142527536458,,,,,,
tsc_bakeoff_best,Rock,RDST,30,0.872,0.8925264550264551,0.9181795173489875,4.613587633806996,,,,,,
tsc_bakeoff_best,Rock,WEASEL-2,30,0.8766666666666667,0.8958333333333334,0.919459417556558,4.4453839179911165,,,,,,
tsc_bakeoff_best,ScreenType,FreshPRINCE,30,0.6724444444444444,0.6724444444444444,0.8483532444444445,0.7744129442516852,,,,,,
tsc_bakeoff_best,ScreenType,H-InceptionTime,30,0.7145777777777779,0.7145777777777779,0.8725216,1.1647297856941017,,,,,,
tsc_bakeoff_best,ScreenType,HC2,30,0.7539555555555555,0.7539555555555555,0.9076728888888889,0.6379951952743206,,,,,,
tsc_bakeoff_best,ScreenType,MR-Hydra,30,0.6810666666666666,0.6810666666666666,0.7608,11.49552252090243,,,,,,
tsc_bakeoff_best,ScreenType,PF,30,0.572,0.572,0.7630496,0.9155532491796754,,,,,,
tsc_bakeoff_best,ScreenType,QUANT,30,0.6741333333333334,0.6741333333333334,0.8520177777777778,0.7571748620787271,,,,,,
tsc_bakeoff_best,ScreenType,RDST,30,0.6462222222222223,0.6462222222222223,0.7346666666666667,12.751443598994335,,,,,,
tsc_bakeoff_best,ScreenType,WEASEL-2,30,0.5617777777777777,0.5617777777777778,0.6713333333333333,15.79512988518645,,,,,,
tsc_bakeoff_best,SemgHandGenderCh2,FreshPRINCE,30,0.9602222222222223,0.9574603174603173,0.9920319495319495,0.20818161021268333,,,,,,
tsc_bakeoff_best,SemgHandGenderCh2,H-InceptionTime,30,0.8897222222222222,0.8687973137973138,0.953048433048433,0.2844236011050214,,,,,,
tsc_bakeoff_best,SemgHandGenderCh2,HC2,30,0.9726666666666667,0.9691941391941392,0.9957655677655678,0.18831017243997916,,,,,,
tsc_bakeoff_best,SemgHandGenderCh2,MR-Hydra,30,0.9460555555555555,0.9437423687423687,0.9437423687423687,1.944354857824042,,,,,,
tsc_bakeoff_best,SemgHandGenderCh2,PF,30,0.9631111111111111,0.9623565323565323,0.9939354904354905,0.15675789186765413,,,,,,
tsc_bakeoff_best,SemgHandGenderCh2,QUANT,30,0.9550000000000001,0.9536996336996336,0.9926874236874237,0.19954489814535828,,,,,,
tsc_bakeoff_best,SemgHandGenderCh2,RDST,30,0.9206666666666667,0.9191575091575092,0.9191575091575092,2.8594631688699605,,,,,,
tsc_bakeoff_best,SemgHandGenderCh2,WEASEL-2,30,0.9428333333333333,0.9436446886446886,0.9436446886446886,2.0604955187445304,,,,,,
tsc_bakeoff_best,SemgHandMovementCh2,FreshPRINCE,30,0.8861481481481481,0.8861481481481481,0.9876397037037037,0.4692133211925784,,,,,,
tsc_bakeoff_best,SemgHandMovementCh2,H-InceptionTime,30,0.5873333333333334,0.5873333333333334,0.8907079506172839,1.0963023385306667,,,,,,
tsc_bakeoff_best,SemgHandMovementCh2,HC2,30,0.9034814814814814,0.9034814814814814,0.9896483950617284,0.5444076208979346,,,,,,
tsc_bakeoff_best,SemgHandMovementCh2,MR-Hydra,30,0.7697777777777778,0.7697777777777778,0.8618666666666667,8.298049980250081,,,,,,
tsc_bakeoff_best,SemgHandMovementCh2,PF,30,0.8908888888888888,0.8908888888888888,0.9879813333333334,0.44959840755254254,,,,,,
tsc_bakeoff_best,SemgHandMovementCh2,QUANT,30,0.8532592592592593,0.8532592592592592,0.9795556543209877,0.552583598015601,,,,,,
tsc_bakeoff_best,SemgHandMovementCh2,RDST,30,0.6952592592592592,0.6952592592592592,0.8171555555555555,10.98396963280207,,,,,,
tsc_bakeoff_best,SemgHandMovementCh2,WEASEL-2,30,0.6665925925925926,0.6665925925925926,0.7999555555555556,12.017221029956763,,,,,,
tsc_bakeoff_best,SemgHandSubjectCh2,FreshPRINCE,30,0.9413333333333334,0.9413333333333334,0.9959456790123457,0.270729687390182,,,,,,
tsc_bakeoff_best,SemgHandSubjectCh2,H-InceptionTime,30,0.7476296296296296,0.7476296296296296,0.9482022633744855,0.7248377148312525,,,,,,
tsc_bakeoff_best,SemgHandSubjectCh2,HC2,30,0.955037037037037,0.9550370370370371,0.9982732510288065,0.2798105657533403,,,,,,
tsc_bakeoff_best,SemgHandSubjectCh2,MR-Hydra,30,0.9251111111111111,0.9251111111111111,0.9531944444444445,2.699269153807218,,,,,,
tsc_bakeoff_best,SemgHandSubjectCh2,PF,30,0.9380740740740741,0.9380740740740741,0.9938880658436214,0.29022785244125965,,,,,,
tsc_bakeoff_best,SemgHandSubjectCh2,QUANT,30,0.9253333333333333,0.9253333333333332,0.9903431069958848,0.38944801476491425,,,,,,
tsc_bakeoff_best,SemgHandSubjectCh2,RDST,30,0.8867407407407408,0.8867407407407408,0.929212962962963,4.082277483848899,,,,,,
tsc_bakeoff_best,SemgHandSubjectCh2,WEASEL-2,30,0.9111851851851852,0.9111851851851852,0.9444907407407407,3.201210401003813,,,,,,
tsc_bakeoff_best,ShapeletSim,FreshPRINCE,30,0.9998148148148148,0.9998148148148148,1.0,0.06495228735847407,,,,,,
tsc_bakeoff_best,ShapeletSim,H-InceptionTime,30,0.8961111111111111,0.8961111111111111,0.9658600823045268,0.262002587445938,,,,,,
tsc_bakeoff_best,ShapeletSim,HC2,30,1.0,1.0,1.0,0.1343481377705184,,,,,,
tsc_bakeoff_best,ShapeletSim,MR-Hydra,30,1.0,1.0,1.0,2.220446049250313e-16,,,,,,
tsc_bakeoff_best,ShapeletSim,PF,30,0.7892592592592592,0.7892592592592592,0.8682098765432099,0.5342411588927842,,,,,,
tsc_bakeoff_best,ShapeletSim,QUANT,30,0.9844444444444443,0.9844444444444443,0.9989135802469136,0.19505432912299045,,,,,,
tsc_bakeoff_best,ShapeletSim,RDST,30,0.997037037037037,0.997037037037037,0.997037037037037,0.1067960100418288,,,,,,
tsc_bakeoff_best,ShapeletSim,WEASEL-2,30,0.9996296296296295,0.9996296296296295,0.9996296296296295,0.013349501255228794,,,,,,
tsc_bakeoff_best,ShapesAll,FreshPRINCE,30,0.8910555555555555,0.8910555555555555,0.9958259887005649,0.8121492964019894,,,,,,
tsc_bakeoff_best,ShapesAll,H-InceptionTime,30,0.9377222222222222,0.9377222222222222,0.9985593220338984,0.2562748647467136,,,,,,
tsc_bakeoff_best,ShapesAll,HC2,30,0.9309444444444445,0.9309444444444445,0.9981710451977401,0.4241922975791564,,,,,,
tsc_bakeoff_best,ShapesAll,MR-Hydra,30,0.9454444444444444,0.9454444444444444,0.9722598870056499,1.9663815348951827,,,,,,
tsc_bakeoff_best,ShapesAll,PF,30,0.8900555555555555,0.8900555555555556,0.9932724105461394,0.7698592972103437,,,,,,
tsc_bakeoff_best,ShapesAll,QUANT,30,0.8867777777777778,0.8867777777777778,0.9951111581920904,0.8423852333950727,,,,,,
tsc_bakeoff_best,ShapesAll,RDST,30,0.9396666666666668,0.9396666666666668,0.9693220338983052,2.1746337544767487,,,,,,
tsc_bakeoff_best,ShapesAll,WEASEL-2,30,0.9405,0.9405,0.9697457627118645,2.144597376652484,,,,,,
tsc_bakeoff_best,SmallKitchenAppliances,FreshPRINCE,30,0.8289777777777778,0.8289777777777778,0.9460430222222221,0.49717443774704173,,,,,,
tsc_bakeoff_best,SmallKitchenAppliances,H-InceptionTime,30,0.7855111111111112,0.7855111111111112,0.9161248000000001,1.0444774909754106,,,,,,
tsc_bakeoff_best,SmallKitchenAppliances,HC2,30,0.8423999999999999,0.8423999999999999,0.9580042666666667,0.41302333486297776,,,,,,
tsc_bakeoff_best,SmallKitchenAppliances,MR-Hydra,30,0.8327111111111111,0.8327111111111112,0.8745333333333334,6.029702726961643,,,,,,
tsc_bakeoff_best,SmallKitchenAppliances,PF,30,0.7381333333333333,0.7381333333333334,0.8961720888888889,0.6595122430921094,,,,,,
tsc_bakeoff_best,SmallKitchenAppliances,QUANT,30,0.8334222222222222,0.8334222222222222,0.9490346666666666,0.5835364508154578,,,,,,
tsc_bakeoff_best,SmallKitchenAppliances,RDST,30,0.8243555555555556,0.8243555555555556,0.8682666666666666,6.3308674752796,,,,,,
tsc_bakeoff_best,SmallKitchenAppliances,WEASEL-2,30,0.8064888888888889,0.806488888888889,0.8548666666666667,6.974847415831826,,,,,,
tsc_bakeoff_best,SmoothSubspace,FreshPRINCE,30,0.9715555555555556,0.9715555555555555,0.996808888888889,0.11553353806244683,,,,,,
tsc_bakeoff_best,SmoothSubspace,H-InceptionTime,30,0.9886666666666667,0.9886666666666667,0.9997444444444444,0.03004608734405573,,,,,,
tsc_bakeoff_best,SmoothSubspace,HC2,30,0.9802222222222222,0.9802222222222222,0.9994311111111112,0.21497687395753579,,,,,,
tsc_bakeoff_best,SmoothSubspace,MR-Hydra,30,0.9844444444444443,0.9844444444444443,0.9883333333333333,0.5606790527196005,,,,,,
tsc_bakeoff_best,SmoothSubspace,PF,30,0.9979999999999999,0.9979999999999999,0.9999833333333333,0.1154761558705598,,,,,,
tsc_bakeoff_best,SmoothSubspace,QUANT,30,0.9917777777777778,0.9917777777777778,0.9998199999999999,0.2044595657558979,,,,,,
tsc_bakeoff_best,SmoothSubspace,RDST,30,0.9922222222222222,0.9922222222222222,0.9941666666666666,0.2803395263598005,,,,,,
tsc_bakeoff_best,SmoothSubspace,WEASEL-2,30,0.9757777777777777,0.9757777777777777,0.9818333333333332,0.8730573820919492,,,,,,
tsc_bakeoff_best,SonyAIBORobotSurface1,FreshPRINCE,30,0.9418191902384915,0.948115691459308,0.9962899556278768,0.22505000323021637,,,,,,
tsc_bakeoff_best,SonyAIBORobotSurface1,H-InceptionTime,30,0.9287298946200777,0.9359918939890463,0.9944312608764435,0.2334812698081413,,,,,,
tsc_bakeoff_best,SonyAIBORobotSurface1,HC2,30,0.9501386577925679,0.9559966400735267,0.9988006719852948,0.22804545043711713,,,,,,
tsc_bakeoff_best,SonyAIBORobotSurface1,MR-Hydra,30,0.9437049362174154,0.9498638325762199,0.9498638325762199,2.029079766497721,,,,,,
tsc_bakeoff_best,SonyAIBORobotSurface1,PF,30,0.9201331114808653,0.9295168787337749,0.9927403741119926,0.2373092287684581,,,,,,
tsc_bakeoff_best,SonyAIBORobotSurface1,QUANT,30,0.9075429839156961,0.9185347782523863,0.995728900641098,0.31047456767840675,,,,,,
tsc_bakeoff_best,SonyAIBORobotSurface1,RDST,30,0.9371602884082085,0.9427053434884474,0.9427053434884474,2.2649727836866185,,,,,,
tsc_bakeoff_best,SonyAIBORobotSurface1,WEASEL-2,30,0.9536882972823073,0.9587062399710715,0.9587062399710715,1.669242960616352,,,,,,
tsc_bakeoff_best,SonyAIBORobotSurface2,FreshPRINCE,30,0.9333683105981112,0.9299155095828285,0.9840301463050973,0.22315362679395817,,,,,,
tsc_bakeoff_best,SonyAIBORobotSurface2,H-InceptionTime,30,0.9417978314095838,0.9397078557450378,0.9887667350045041,0.16844842118694608,,,,,,
tsc_bakeoff_best,SonyAIBORobotSurface2,HC2,30,0.940398740818468,0.938677973472494,0.9904861305252695,0.19585050627484338,,,,,,
tsc_bakeoff_best,SonyAIBORobotSurface2,MR-Hydra,30,0.9446659671213712,0.9428114031000528,0.9428114031000528,1.9944407016993122,,,,,,
tsc_bakeoff_best,SonyAIBORobotSurface2,PF,30,0.8990206365862189,0.8864260864163017,0.9682066753642096,0.2574428107468224,,,,,,
tsc_bakeoff_best,SonyAIBORobotSurface2,QUANT,30,0.9222455403987408,0.9191182089274066,0.9812658807815364,0.27102128819928145,,,,,,
tsc_bakeoff_best,SonyAIBORobotSurface2,RDST,30,0.9151451556488283,0.9136759544000249,0.9136759544000249,3.05847859818112,,,,,,
tsc_bakeoff_best,SonyAIBORobotSurface2,WEASEL-2,30,0.9536201469045121,0.9519725561457459,0.9519725561457459,1.6716993492119394,,,,,,
tsc_bakeoff_best,StarLightCurves,FreshPRINCE,30,0.978812530354541,0.9588406397443682,0.9949936358150187,0.08857292479431342,,,,,,
tsc_bakeoff_best,StarLightCurves,H-InceptionTime,30,0.9772057633155253,0.9597817780721939,0.9926361102592174,0.17847316648501632,,,,,,
tsc_bakeoff_best,StarLightCurves,HC2,30,0.9819329771733851,0.9609826553723225,0.9964281718837794,0.06659316652064869,,,,,,
tsc_bakeoff_best,StarLightCurves,MR-Hydra,30,0.9813177918083212,0.9599146174295925,0.9790740486102003,0.6733750366041965,,,,,,
tsc_bakeoff_best,StarLightCurves,PF,30,0.9795693702444552,0.960910868934194,0.9950725593679252,0.09021980982366916,,,,,,
tsc_bakeoff_best,StarLightCurves,QUANT,30,0.980791646430306,0.9602012462089017,0.9955066839103581,0.081228175402529,,,,,,
tsc_bakeoff_best,StarLightCurves,RDST,30,0.9810344827586207,0.958651839947236,0.9785329157795157,0.6835865297936015,,,,,,
tsc_bakeoff_best,StarLightCurves,WEASEL-2,30,0.9812975554476283,0.9608099203160984,0.9794028841460516,0.6741044289748682,,,,,,
tsc_bakeoff_best,Strawberry,FreshPRINCE,30,0.9659459459459458,0.9615514387573211,0.9932815550462609,0.1624806617500524,,,,,,
tsc_bakeoff_best,Strawberry,H-InceptionTime,30,0.9790990990990991,0.979367201426025,0.9964328155504626,0.093333609074035,,,,,,
tsc_bakeoff_best,Strawberry,HC2,30,0.9802702702702704,0.9814022578728461,0.9956805449452507,0.08751317830862179,,,,,,
tsc_bakeoff_best,Strawberry,MR-Hydra,30,0.9797297297297297,0.9805884475002121,0.9805884475002122,0.7306145957253478,,,,,,
tsc_bakeoff_best,Strawberry,PF,30,0.9604504504504504,0.9596415839062898,0.9911276631864868,0.14077479467127332,,,,,,
tsc_bakeoff_best,Strawberry,QUANT,30,0.9762162162162161,0.9764514896867839,0.9948067863509039,0.12569830968902468,,,,,,
tsc_bakeoff_best,Strawberry,RDST,30,0.9792792792792793,0.9794510228333758,0.9794510228333758,0.7468504756303556,,,,,,
tsc_bakeoff_best,Strawberry,WEASEL-2,30,0.9781981981981982,0.9777671674730499,0.9777671674730499,0.7858165874023741,,,,,,
tsc_bakeoff_best,SwedishLeaf,FreshPRINCE,30,0.9484266666666666,0.9496641862915156,0.9984421042392173,0.2591468308471039,,,,,,
tsc_bakeoff_best,SwedishLeaf,H-InceptionTime,30,0.9690666666666666,0.9704834429513518,0.9992002638895306,0.10403079220469813,,,,,,
tsc_bakeoff_best,SwedishLeaf,HC2,30,0.9615466666666667,0.9632399797389445,0.9991495594448867,0.21680071064807044,,,,,,
tsc_bakeoff_best,SwedishLeaf,MR-Hydra,30,0.9724799999999999,0.9737675707623947,0.9852621137207055,0.991921341268507,,,,,,
tsc_bakeoff_best,SwedishLeaf,PF,30,0.9530666666666666,0.9549257540033937,0.9987233249047289,0.22646238553542403,,,,,,
tsc_bakeoff_best,SwedishLeaf,QUANT,30,0.9588800000000001,0.9608352919470932,0.9987051662218419,0.34337011393906086,,,,,,
tsc_bakeoff_best,SwedishLeaf,RDST,30,0.9634666666666667,0.9647610740312604,0.9804362822283148,1.3167948038157495,,,,,,
tsc_bakeoff_best,SwedishLeaf,WEASEL-2,30,0.9667733333333334,0.9681383742926186,0.9822143788646328,1.1976104566090688,,,,,,
tsc_bakeoff_best,Symbols,FreshPRINCE,30,0.9431155778894472,0.9433330299711795,0.9947749920430045,0.32760994227465795,,,,,,
tsc_bakeoff_best,Symbols,H-InceptionTime,30,0.9651591289782245,0.9660109926811324,0.9976195426978527,0.11359121449211199,,,,,,
tsc_bakeoff_best,Symbols,HC2,30,0.9728308207705193,0.9730682594206388,0.9988694959160997,0.18889264371881176,,,,,,
tsc_bakeoff_best,Symbols,MR-Hydra,30,0.9717922948073702,0.9725334281801312,0.9830880507803943,1.0167087488655502,,,,,,
tsc_bakeoff_best,Symbols,PF,30,0.967035175879397,0.9663954987211283,0.9986748985234778,0.1301034437849537,,,,,,
tsc_bakeoff_best,Symbols,QUANT,30,0.9490452261306533,0.949842245726501,0.9962642325613155,0.2737795339259162,,,,,,
tsc_bakeoff_best,Symbols,RDST,30,0.9656616415410385,0.9664857782091913,0.9793866109294034,1.2376798902460673,,,,,,
tsc_bakeoff_best,Symbols,WEASEL-2,30,0.9698157453936349,0.9705989056855163,0.9818987573883514,1.0879508108406895,,,,,,
tsc_bakeoff_best,SyntheticControl,FreshPRINCE,30,0.9958888888888888,0.9958888888888888,0.9999673333333334,0.037449186280681675,,,,,,
tsc_bakeoff_best,SyntheticControl,H-InceptionTime,30,0.997,0.997,0.9999893333333334,0.010263753320796962,,,,,,
tsc_bakeoff_best,SyntheticControl,HC2,30,0.9986666666666667,0.9986666666666667,0.9999968888888889,0.05566779027048816,,,,,,
tsc_bakeoff_best,SyntheticControl,MR-Hydra,30,0.9922222222222222,0.9922222222222223,0.9953333333333333,0.2803395263598011,,,,,,
tsc_bakeoff_best,SyntheticControl,PF,30,0.9983333333333333,0.9983333333333334,0.9999957777777778,0.04019498683885821,,,,,,
tsc_bakeoff_best,SyntheticControl,QUANT,30,0.9934444444444445,0.9934444444444445,0.9999615555555555,0.14233840964862435,,,,,,
tsc_bakeoff_best,SyntheticControl,RDST,30,0.9924444444444445,0.9924444444444446,0.9954666666666667,0.27232982560666397,,,,,,
tsc_bakeoff_best,SyntheticControl,WEASEL-2,30,0.9836666666666666,0.9836666666666667,0.9902,0.5887130053555812,,,,,,
tsc_bakeoff_best,ToeSegmentation1,FreshPRINCE,30,0.8543859649122807,0.8521759259259258,0.9407008744855967,0.389356695225732,,,,,,
tsc_bakeoff_best,ToeSegmentation1,H-InceptionTime,30,0.9467836257309942,0.9466358024691357,0.9902880658436214,0.1621134432229595,,,,,,
tsc_bakeoff_best,ToeSegmentation1,HC2,30,0.9554093567251463,0.955108024691358,0.9941589506172839,0.15934072231679808,,,,,,
tsc_bakeoff_best,ToeSegmentation1,MR-Hydra,30,0.9314327485380116,0.9303703703703704,0.9303703703703704,2.471414245540343,,,,,,
tsc_bakeoff_best,ToeSegmentation1,PF,30,0.8355263157894738,0.8312654320987655,0.9355928497942386,0.40875414780263974,,,,,,
tsc_bakeoff_best,ToeSegmentation1,QUANT,30,0.8517543859649124,0.8494753086419754,0.9329629629629629,0.4130691201629332,,,,,,
tsc_bakeoff_best,ToeSegmentation1,RDST,30,0.9491228070175438,0.9490432098765431,0.9490432098765431,1.8337999092708728,,,,,,
tsc_bakeoff_best,ToeSegmentation1,WEASEL-2,30,0.9536549707602339,0.9537191358024691,0.9537191358024691,1.6704441702266282,,,,,,
tsc_bakeoff_best,ToeSegmentation2,FreshPRINCE,30,0.8984615384615384,0.890998427672956,0.9574620020964361,0.32941786435953613,,,,,,
tsc_bakeoff_best,ToeSegmentation2,H-InceptionTime,30,0.9602564102564102,0.9632730607966457,0.9960167714884697,0.10363297410028385,,,,,,
tsc_bakeoff_best,ToeSegmentation2,HC2,30,0.9638461538461538,0.9676231656184486,0.9936844863731656,0.14984198106588487,,,,,,
tsc_bakeoff_best,ToeSegmentation2,MR-Hydra,30,0.94,0.9341981132075471,0.9341981132075472,2.1626192033470293,,,,,,
tsc_bakeoff_best,ToeSegmentation2,PF,30,0.8858974358974359,0.8644916142557653,0.9439399895178197,0.34611406691432933,,,,,,
tsc_bakeoff_best,ToeSegmentation2,QUANT,30,0.8838461538461538,0.855175576519916,0.9382337526205451,0.3570348716055095,,,,,,
tsc_bakeoff_best,ToeSegmentation2,RDST,30,0.946923076923077,0.9615435010482181,0.9615435010482181,1.913086218345449,,,,,,
tsc_bakeoff_best,ToeSegmentation2,WEASEL-2,30,0.953076923076923,0.9642426624737944,0.9642426624737946,1.6912791205662665,,,,,,
tsc_bakeoff_best,Trace,FreshPRINCE,30,1.0,1.0,1.0,0.01189245914922188,,,,,,
tsc_bakeoff_best,Trace,H-InceptionTime,30,1.0,1.0,1.0,4.832775646454782e-05,,,,,,
tsc_bakeoff_best,Trace,HC2,30,1.0,1.0,1.0,0.01250931183404069,,,,,,
tsc_bakeoff_best,Trace,MR-Hydra,30,1.0,1.0,1.0,6.66133814775094e-16,,,,,,
tsc_bakeoff_best,Trace,PF,30,1.0,1.0,1.0,0.009322454825867946,,,,,,
tsc_bakeoff_best,Trace,QUANT,30,1.0,1.0,1.0,0.017261087249824857,,,,,,
tsc_bakeoff_best,Trace,RDST,30,1.0,1.0,1.0,6.66133814775094e-16,,,,,,
tsc_bakeoff_best,Trace,WEASEL-2,30,1.0,1.0,1.0,6.66133814775094e-16,,,,,,
tsc_bakeoff_best,TwoLeadECG,FreshPRINCE,30,0.9670471173544044,0.9670591167432347,0.9963622956042714,0.18036230846019458,,,,,,
tsc_bakeoff_best,TwoLeadECG,H-InceptionTime,30,0.9881182323675739,0.9881276785989578,0.9997825260280168,0.0316660488804245,,,,,,
tsc_bakeoff_best,TwoLeadECG,HC2,30,0.998185542873866,0.9981870831149344,0.9999959917368113,0.08083756758824664,,,,,,
tsc_bakeoff_best,TwoLeadECG,MR-Hydra,30,0.996780801872988,0.9967831632390877,0.9967831632390877,0.11603166148091579,,,,,,
tsc_bakeoff_best,TwoLeadECG,PF,30,0.981796897863623,0.9818056711785322,0.9980275234072292,0.15087472716765143,,,,,,
tsc_bakeoff_best,TwoLeadECG,QUANT,30,0.98510389230319,0.9851111522215028,0.9990105242602698,0.19626136811209996,,,,,,
tsc_bakeoff_best,TwoLeadECG,RDST,30,0.9951419373719637,0.9951422933431998,0.9951422933431998,0.17510232550756374,,,,,,
tsc_bakeoff_best,TwoLeadECG,WEASEL-2,30,0.9974246414983904,0.9974248450652113,0.9974248450652113,0.09282532918473269,,,,,,
tsc_bakeoff_best,TwoPatterns,FreshPRINCE,30,0.9970666666666667,0.9970838196810198,0.9999859718085816,0.030783534417708435,,,,,,
tsc_bakeoff_best,TwoPatterns,H-InceptionTime,30,1.0,1.0,1.0,2.821552817135523e-06,,,,,,
tsc_bakeoff_best,TwoPatterns,HC2,30,1.0,1.0,1.0,0.08209309426616937,,,,,,
tsc_bakeoff_best,TwoPatterns,MR-Hydra,30,1.0,1.0,1.0,6.66133814775094e-16,,,,,,
tsc_bakeoff_best,TwoPatterns,PF,30,0.9999916666666666,0.999991757335971,1.0,0.02041258105537733,,,,,,
tsc_bakeoff_best,TwoPatterns,QUANT,30,0.9997166666666666,0.9997160259644795,0.9999997484059225,0.1135442776015682,,,,,,
tsc_bakeoff_best,TwoPatterns,RDST,30,0.9999833333333333,0.9999832588629796,0.9999889073765946,0.0006007275564859484,,,,,,
tsc_bakeoff_best,TwoPatterns,WEASEL-2,30,0.9945083333333333,0.9945305093872473,0.9963410062909712,0.19793972986190234,,,,,,
tsc_bakeoff_best,UMD,FreshPRINCE,30,0.9824074074074074,0.9824074074074074,0.9966182002314814,0.2037339832827528,,,,,,
tsc_bakeoff_best,UMD,H-InceptionTime,30,0.9780092592592593,0.9780092592592593,0.9967182677469136,0.08965292473607481,,,,,,
tsc_bakeoff_best,UMD,HC2,30,0.9861111111111112,0.986111111111111,0.9976996527777777,0.18080124355389884,,,,,,
tsc_bakeoff_best,UMD,MR-Hydra,30,0.9851851851851853,0.9851851851851853,0.9888888888888888,0.5339800502091434,,,,,,
tsc_bakeoff_best,UMD,PF,30,0.954398148148148,0.954398148148148,0.9962721836419753,0.19230336298378056,,,,,,
tsc_bakeoff_best,UMD,QUANT,30,0.9706018518518519,0.9706018518518519,0.9964433834876544,0.23337066820321634,,,,,,
tsc_bakeoff_best,UMD,RDST,30,0.9747685185185185,0.9747685185185185,0.9810763888888889,0.9094347730124471,,,,,,
tsc_bakeoff_best,UMD,WEASEL-2,30,0.9710648148148148,0.9710648148148148,0.978298611111111,1.0429297855647328,,,,,,
tsc_bakeoff_best,UWaveGestureLibraryAll,FreshPRINCE,30,0.9617718220733296,0.9617413870970409,0.997536134870592,0.23507690648151183,,,,,,
tsc_bakeoff_best,UWaveGestureLibraryAll,H-InceptionTime,30,0.9500093057882002,0.9501192382728008,0.9964361910602121,0.20831189477797515,,,,,,
tsc_bakeoff_best,UWaveGestureLibraryAll,HC2,30,0.9752466033873068,0.9752354970259515,0.9987132809254496,0.15331931769778137,,,,,,
tsc_bakeoff_best,UWaveGestureLibraryAll,MR-Hydra,30,0.9834822259445376,0.9834604395175494,0.9905741830818153,0.5953609228148438,,,,,,
tsc_bakeoff_best,UWaveGestureLibraryAll,PF,30,0.9730597431602457,0.9730684687493619,0.9982881053376338,0.18283452248869933,,,,,,
tsc_bakeoff_best,UWaveGestureLibraryAll,QUANT,30,0.9678857249209009,0.9679184854204602,0.9982306128395712,0.2587815838635393,,,,,,
tsc_bakeoff_best,UWaveGestureLibraryAll,RDST,30,0.982039828773497,0.9820140390357918,0.9897467407365071,0.6473501864972666,,,,,,
tsc_bakeoff_best,UWaveGestureLibraryAll,WEASEL-2,30,0.961176251628513,0.9611929728703414,0.9778283306381392,1.3993497295681827,,,,,,
tsc_bakeoff_best,UWaveGestureLibraryX,FreshPRINCE,30,0.8374651032942491,0.8359112782434918,0.9797326803848244,0.5136482224728552,,,,,,
tsc_bakeoff_best,UWaveGestureLibraryX,H-InceptionTime,30,0.8391401451702959,0.8374894240960287,0.9748427676580903,0.7337334065929645,,,,,,
tsc_bakeoff_best,UWaveGestureLibraryX,HC2,30,0.8631583845151685,0.8617205612830372,0.9830532743144446,0.4381622484475996,,,,,,
tsc_bakeoff_best,UWaveGestureLibraryX,MR-Hydra,30,0.8777405546249767,0.8765812981089066,0.9302604665978069,4.406677072643043,,,,,,
tsc_bakeoff_best,UWaveGestureLibraryX,PF,30,0.8313977293876792,0.8294176631826354,0.9736668980001218,0.5891235452281934,,,,,,
tsc_bakeoff_best,UWaveGestureLibraryX,QUANT,30,0.8521310254978597,0.8506013907658431,0.9803521152288585,0.5505069521242649,,,,,,
tsc_bakeoff_best,UWaveGestureLibraryX,RDST,30,0.8579936720640239,0.8565002013836646,0.918969886215875,5.118426863185632,,,,,,
tsc_bakeoff_best,UWaveGestureLibraryX,WEASEL-2,30,0.8414200632793598,0.8398586293902569,0.9095159858591341,5.715800273626891,,,,,,
tsc_bakeoff_best,UWaveGestureLibraryY,FreshPRINCE,30,0.7687232458589243,0.7694671389157537,0.9656016075759283,0.7102582824368653,,,,,,
tsc_bakeoff_best,UWaveGestureLibraryY,H-InceptionTime,30,0.782681928159315,0.7832191327402218,0.9626879380035096,1.0010005103780848,,,,,,
tsc_bakeoff_best,UWaveGestureLibraryY,HC2,30,0.7896333519449097,0.7903245813800985,0.9713122173682968,0.6232172252010504,,,,,,
tsc_bakeoff_best,UWaveGestureLibraryY,MR-Hydra,30,0.8144611948632049,0.8149670324456965,0.8939989909988921,6.687496382581594,,,,,,
tsc_bakeoff_best,UWaveGestureLibraryY,PF,30,0.767215708170482,0.7678142028972121,0.9615309861305232,0.824768635443456,,,,,,
tsc_bakeoff_best,UWaveGestureLibraryY,QUANT,30,0.7751907686581053,0.7758732192211288,0.968211058373676,0.7014687779137929,,,,,,
tsc_bakeoff_best,UWaveGestureLibraryY,RDST,30,0.7737483714870649,0.7744216706264063,0.8707491030238164,8.154935276843528,,,,,,
tsc_bakeoff_best,UWaveGestureLibraryY,WEASEL-2,30,0.7753489670575097,0.7760116994363154,0.8716571723265045,8.097243964886259,,,,,,
tsc_bakeoff_best,UWaveGestureLibraryZ,FreshPRINCE,30,0.7776288851665736,0.7791300819275039,0.9707704911630475,0.6217807751160329,,,,,,
tsc_bakeoff_best,UWaveGestureLibraryZ,H-InceptionTime,30,0.783714870649544,0.7850786394793599,0.9643162690820065,0.985849907989962,,,,,,
tsc_bakeoff_best,UWaveGestureLibraryZ,HC2,30,0.800818909361623,0.8022041567935266,0.9758951311008172,0.5518683729770494,,,,,,
tsc_bakeoff_best,UWaveGestureLibraryZ,MR-Hydra,30,0.8221849990694212,0.8234233616806791,0.8983411893146548,6.409102260927329,,,,,,
tsc_bakeoff_best,UWaveGestureLibraryZ,PF,30,0.7673832123580867,0.7689307991828548,0.9635637111376538,0.7758646759788772,,,,,,
tsc_bakeoff_best,UWaveGestureLibraryZ,QUANT,30,0.7903033686953285,0.7917973274834011,0.9713736691633552,0.6568538223105407,,,,,,
tsc_bakeoff_best,UWaveGestureLibraryZ,RDST,30,0.7966964451889075,0.7981238453077791,0.8838025167198053,7.3278028623864016,,,,,,
tsc_bakeoff_best,UWaveGestureLibraryZ,WEASEL-2,30,0.7882281779266704,0.7897270436466629,0.8789553454150728,7.633030152392885,,,,,,
tsc_bakeoff_best,Wafer,FreshPRINCE,30,0.9999837767683322,0.9999248120300752,1.0,0.0005959239329521099,,,,,,
tsc_bakeoff_best,Wafer,H-InceptionTime,30,0.9991239454899415,0.9982972524965806,0.9999908299572353,0.00268797585503988,,,,,,
tsc_bakeoff_best,Wafer,HC2,30,1.0,1.0,1.0,0.0025562189308464367,,,,,,
tsc_bakeoff_best,Wafer,MR-Hydra,30,0.9997133895738698,0.998671679197995,0.998671679197995,0.010330486857144942,,,,,,
tsc_bakeoff_best,Wafer,PF,30,0.9961442786069651,0.9891584708270038,0.9998050545530949,0.01605618471464737,,,,,,
tsc_bakeoff_best,Wafer,QUANT,30,0.9997187973177589,0.9986967418546366,0.9999998997311427,0.004841101430149917,,,,,,
tsc_bakeoff_best,Wafer,RDST,30,0.999913476097772,0.9996210292962814,0.9996210292962814,0.003118637541779756,,,,,,
tsc_bakeoff_best,Wafer,WEASEL-2,30,0.999589011464417,0.998117269897785,0.998117269897785,0.014813528323453036,,,,,,
tsc_bakeoff_best,Wine,FreshPRINCE,30,0.8969135802469136,0.8969135802469136,0.9723136716963877,0.33860325750487463,,,,,,
tsc_bakeoff_best,Wine,H-InceptionTime,30,0.8882716049382716,0.8882716049382716,0.9497942386831275,0.4382203649509096,,,,,,
tsc_bakeoff_best,Wine,HC2,30,0.941358024691358,0.941358024691358,0.9836305441243713,0.23335576361637678,,,,,,
tsc_bakeoff_best,Wine,MR-Hydra,30,0.9364197530864197,0.9364197530864197,0.9364197530864197,2.291664382147572,,,,,,
tsc_bakeoff_best,Wine,PF,30,0.8561728395061728,0.8561728395061727,0.8927069044352994,0.44295817986906266,,,,,,
tsc_bakeoff_best,Wine,QUANT,30,0.912962962962963,0.912962962962963,0.9734796524919981,0.3086685936457999,,,,,,
tsc_bakeoff_best,Wine,RDST,30,0.947530864197531,0.9475308641975307,0.947530864197531,1.891179344490715,,,,,,
tsc_bakeoff_best,Wine,WEASEL-2,30,0.9574074074074074,0.9574074074074074,0.9574074074074074,1.5351926443512862,,,,,,
tsc_bakeoff_best,WordSynonyms,FreshPRINCE,30,0.6291013584117032,0.4360956178940806,0.9512690705885263,1.589070199501564,,,,,,
tsc_bakeoff_best,WordSynonyms,H-InceptionTime,30,0.7597701149425287,0.626971534149219,0.9753177540118704,0.9814858625708287,,,,,,
tsc_bakeoff_best,WordSynonyms,HC2,30,0.7667711598746081,0.6244294894440459,0.9750450574807458,1.0264242791176519,,,,,,
tsc_bakeoff_best,WordSynonyms,MR-Hydra,30,0.7868861024033438,0.6536299738618063,0.8829391909122322,7.681403457377689,,,,,,
tsc_bakeoff_best,WordSynonyms,PF,30,0.7781609195402299,0.6671919051506087,0.9738118831077298,1.4238009077412441,,,,,,
tsc_bakeoff_best,WordSynonyms,QUANT,30,0.7006792058516196,0.5285730901140424,0.9621314405254108,1.6021946471974362,,,,,,
tsc_bakeoff_best,WordSynonyms,RDST,30,0.771055381400209,0.6248002362753751,0.8733236148906067,8.252000478114498,,,,,,
tsc_bakeoff_best,WordSynonyms,WEASEL-2,30,0.7507836990595611,0.5897939485778843,0.8611005466135829,8.982665970015097,,,,,,
tsc_bakeoff_best,Worms,FreshPRINCE,30,0.7727272727272728,0.7234926184926185,0.9352897842700713,0.6562734637207324,,,,,,
tsc_bakeoff_best,Worms,H-InceptionTime,30,0.7913419913419913,0.7626429681429682,0.9328630357231178,0.9379458021437207,,,,,,
tsc_bakeoff_best,Worms,HC2,30,0.7484848484848485,0.7056818181818182,0.9300093343171554,0.640557736634898,,,,,,
tsc_bakeoff_best,Worms,MR-Hydra,30,0.7385281385281386,0.7126223776223776,0.8200121244076063,9.42440114589903,,,,,,
tsc_bakeoff_best,Worms,PF,30,0.6930735930735932,0.6420419580419581,0.8950443883782071,0.8513743366322181,,,,,,
tsc_bakeoff_best,Worms,QUANT,30,0.7277056277056277,0.7051250971250972,0.9140930435908423,0.7611450324491115,,,,,,
tsc_bakeoff_best,Worms,RDST,30,0.7225108225108224,0.6799083139083139,0.8015607281445212,10.001723732651124,,,,,,
tsc_bakeoff_best,Worms,WEASEL-2,30,0.7177489177489177,0.6743197358197358,0.8006651678612864,10.173360177361205,,,,,,
tsc_bakeoff_best,WormsTwoClass,FreshPRINCE,30,0.7935064935064935,0.7761363636363636,0.8815656565656567,0.43272317276225625,,,,,,
tsc_bakeoff_best,WormsTwoClass,H-InceptionTime,30,0.796969696969697,0.7867424242424242,0.8806473829201101,0.8236472578198141,,,,,,
tsc_bakeoff_best,WormsTwoClass,HC2,30,0.8030303030303031,0.7893939393939393,0.8991965105601469,0.3991055222356762,,,,,,
tsc_bakeoff_best,WormsTwoClass,MR-Hydra,30,0.7891774891774893,0.7768939393939394,0.7768939393939395,7.59881350670998,,,,,,
tsc_bakeoff_best,WormsTwoClass,PF,30,0.7692640692640693,0.7593434343434343,0.8594582185491276,0.4485940341176372,,,,,,
tsc_bakeoff_best,WormsTwoClass,QUANT,30,0.8021645021645022,0.7848484848484849,0.8841712580348945,0.41819144702617395,,,,,,
tsc_bakeoff_best,WormsTwoClass,RDST,30,0.7783549783549784,0.763888888888889,0.763888888888889,7.98889633559653,,,,,,
tsc_bakeoff_best,WormsTwoClass,WEASEL-2,30,0.7792207792207793,0.7654040404040404,0.7654040404040404,7.957689709285605,,,,,,
tsc_bakeoff_best,Yoga,FreshPRINCE,30,0.9239444444444445,0.9224839714023342,0.9786389350372927,0.20611281134871232,,,,,,
tsc_bakeoff_best,Yoga,H-InceptionTime,30,0.9276888888888889,0.9267056383050166,0.9791521539305262,0.2321443797481378,,,,,,
tsc_bakeoff_best,Yoga,HC2,30,0.9292555555555555,0.9277139021328231,0.9829357770569742,0.23136508664668035,,,,,,
tsc_bakeoff_best,Yoga,MR-Hydra,30,0.9355999999999999,0.9344612355641365,0.9344612355641365,2.3212112782591445,,,,,,
tsc_bakeoff_best,Yoga,PF,30,0.8874444444444445,0.8858586350426384,0.9560832133524468,0.2964071880370348,,,,,,
tsc_bakeoff_best,Yoga,QUANT,30,0.8943444444444444,0.8929397111494594,0.9637904459923703,0.34737056523953264,,,,,,
tsc_bakeoff_best,Yoga,RDST,30,0.9295444444444444,0.9284503904534674,0.9284503904534674,2.539475623782132,,,,,,
tsc_bakeoff_best,Yoga,WEASEL-2,30,0.9253777777777777,0.9242393107565265,0.9242393107565265,2.6896575129034535,,,,,,
this_work,ACSF1,Masht,30,0.8526666666666666,0.8526666666666667,0.9874481481481482,0.5048142556266009,0.8492765499825086,59.73452827588965,1.149409123385946,0.1024862196296453,54.163541336233415,4.318028011731803
this_work,Adiac,Masht,30,0.86538789428815,0.8673888036388037,0.9958709419352111,0.47557131790642815,0.8629066749376317,64.8649920001626,0.5401371728628874,0.048037882894277524,56.64426491931081,7.62823393959552
this_work,ArrowHead,Masht,30,0.8590476190476191,0.8528362653055024,0.9630406142771828,0.4113078183429277,0.8581983305246698,59.72138118855655,0.1803733414659897,0.030362780143817224,55.220782739606996,4.288778836404284
this_work,BME,Masht,30,1.0,1.0,1.0,0.002100067779461383,1.0,60.16738800468544,0.07472456668814019,0.0169244494910041,55.764958350360395,4.309900836025675
this_work,Beef,Masht,30,0.7655555555555557,0.7655555555555555,0.9415277777777777,0.8369238090754502,0.7581888685216858,60.072614650552474,0.09066644969085849,0.026898121461272195,55.65356243563195,4.301105702730516
this_work,BeetleFly,Masht,30,0.9299999999999999,0.9299999999999999,0.9883333333333333,0.20554760779263442,0.9294703298650667,60.04784080597262,0.058798139790693885,0.028371697043379097,55.64471348101894,4.315740472512941
this_work,BirdChicken,Masht,30,0.9116666666666667,0.9116666666666667,0.994,0.1845022555487702,0.91006339199804,59.89119680660466,0.06120514757931229,0.027784840638438803,55.49426924207558,4.307700311516722
this_work,CBF,Masht,30,0.9982592592592592,0.9982595045376502,0.9999984576049836,0.02202120490477215,0.9982541801553959,62.66521032160769,0.4374506655459603,0.05811644730468587,55.254832000782095,6.909764006485542
this_work,Car,Masht,30,0.9016666666666667,0.9092394447657605,0.9862059127033317,0.28121637284415135,0.9022952928137897,59.03300584039341,0.20725290837387242,0.042027584028740676,54.53973770799736,4.243412318825722
this_work,Chinatown,Masht,30,0.9720116618075801,0.9795088154034578,0.9931755390355749,0.1142245187761854,0.9724066841623761,62.229484067857264,0.033412327741583134,0.014132403023540924,55.409709750302135,6.770340086147189
this_work,ChlorineConcentration,Masht,30,0.7121961805555556,0.6031858574581079,0.8659386268803136,0.699110718411197,0.6772253083747864,6.528104926273227,0.37726772961517174,0.06244145613163706,1.3244695136944453,4.759576403163374
this_work,CinCECGTorso,Masht,30,0.9935024154589372,0.9935195381483385,0.9999176890677738,0.04154600717667524,0.9934950866703862,3.331977702366809,1.2280691261713703,0.1280088874821861,1.121361103405555,0.8533735069135825
this_work,Coffee,Masht,30,0.9952380952380953,0.9955555555555555,1.0,0.021360834634098415,0.9952441768533723,59.714906587389606,0.046406620802978624,0.019185487056771863,55.40822278056294,4.240806160991391
this_work,Computers,Masht,30,0.8704,0.8704000000000001,0.9406464,0.3202007426541551,0.8702925586519503,64.98184778454403,1.5709640698507428,0.12113635546217358,56.17168118382494,7.115328147572776
this_work,CricketX,Masht,30,0.8183760683760684,0.8275745831863707,0.9845023406775701,0.5360253073385083,0.8149128800639783,57.29509439244866,0.6926847030719121,0.08501577461138363,49.93022341762359,6.582265080604702
this_work,CricketY,Masht,30,0.844017094017094,0.8458312788003866,0.9890436281519196,0.49520907083402116,0.8429103037729888,66.43903075208267,0.9560860787828763,0.08547433335334058,57.998450950346886,7.3946865533789
this_work,CricketZ,Masht,30,0.8385470085470086,0.8322477998257941,0.9850270314087533,0.5095539700554726,0.8368847158094892,67.08210746614883,0.958214130376776,0.086914133777221,58.67172558406989,7.361107513867319
this_work,Crop,Masht,30,0.7747559523809523,0.7747559523809523,0.9859800060386472,0.6543934833068344,0.7726951236577561,14.110971931057671,0.7454669286807378,0.07677982952445742,1.8139185459042588,11.448907770961522
this_work,DiatomSizeReduction,Masht,30,0.9604575163398693,0.9251293578710322,0.9985145734455753,0.14311992343311392,0.9549889899010432,62.525403289621075,0.4061306457966566,0.046699407324194864,55.3640354225412,6.706712168206772
this_work,DistalPhalanxOutlineAgeGroup,Masht,30,0.8191846522781775,0.7924052344391328,0.9272579535386891,0.4422871522575738,0.8185349159187332,64.10145060053716,0.1376297187680999,0.022742127565046105,56.76414296105504,7.173716658291718
this_work,DistalPhalanxOutlineCorrect,Masht,30,0.8404589371980676,0.8290890269151139,0.9221334053470159,0.3567984905936311,0.8389224523294663,64.09555318492154,0.22902617547661064,0.03245141599327321,56.461072708976765,7.364122125941019
this_work,DistalPhalanxTW,Masht,30,0.7146282973621102,0.5228432548607987,0.9464043896722188,0.702491200206477,0.6618817951295366,64.20996952746063,0.13680961430072777,0.02381304098914062,56.81283391738931,7.2334460817277435
this_work,ECG200,Masht,30,0.8813333333333334,0.869212962962963,0.9502893518518518,0.29200722829798226,0.8808416673761611,60.28253599492212,0.06446009638408816,0.015860387372473826,55.83036943903814,4.370650969011089
this_work,ECG5000,Masht,30,0.9472888888888888,0.5520759736125557,0.9900581753443835,0.1793370396253113,0.9379008815297513,6.57608770771573,0.37173062314589816,0.05375064536929127,1.3176309306174516,4.827844690221052
this_work,ECGFiveDays,Masht,30,0.9989547038327526,0.9989490477937738,0.9999992805393078,0.018978459324865807,0.9989539287422479,64.89255830657979,1.3082397548481821,0.06150073191771901,56.58488080749909,6.933736256385843
this_work,EOGHorizontalSignal,Masht,30,0.8825046040515654,0.882412763152474,0.990157710040391,0.37297701826432245,0.8811519652407334,69.643170295842,4.342302184614042,0.2574719107399384,57.503883729626736,7.535948460300763
this_work,EOGVerticalSignal,Masht,30,0.8492633517495396,0.8488125695216908,0.9819196205649804,0.5051003230083179,0.8452712390679505,68.71494815566888,4.564435586457451,0.2610495392854015,56.43069539157053,7.454893985639016
this_work,Earthquakes,Masht,30,0.7482014388489209,0.5,0.6916117216117216,0.5394942686173629,0.6404357995085412,66.86000734753907,1.116833610025545,0.09888997847835218,58.31266862880439,7.328729149637123
this_work,ElectricDevices,Masht,30,0.9045346474733066,0.8790202991272527,0.9908411635647852,0.292571575953335,0.9044678578684703,10.457791095723708,0.8044781578083833,0.09599414051820832,1.7489740051329137,7.790950230012338
this_work,EthanolLevel,Masht,30,0.6727333333333333,0.6726073135347329,0.8785541791343209,0.8604924647153211,0.6624283007691532,3.134668274658422,0.9267471514021357,0.08247896662602817,1.1712577959522605,0.9532940026372672
this_work,FaceAll,Masht,30,0.9642209072978304,0.9648388918694214,0.9988615694576638,0.17797210447474357,0.9648194957452881,5.163061090682944,0.13942538375655808,0.025447447535892277,1.227432361866037,3.7679338536225258
this_work,FaceFour,Masht,30,0.9087121212121212,0.9203088578088578,0.9939287458807253,0.30278627857205215,0.9051257743733565,60.3095473771294,0.12086676501979426,0.030895025407274512,55.855164516530934,4.302043565486868
this_work,FacesUCR,Masht,30,0.9288617886178863,0.9082462296787372,0.9957316453841091,0.33462927754038324,0.9286737230049695,5.452398944397768,0.15451185051351782,0.03320630124459659,1.288925423535208,3.973645147184531
this_work,FiftyWords,Masht,30,0.8278388278388279,0.7422024317392274,0.9932498963753525,0.6970997213487035,0.8161367206384998,55.89382078750059,0.5422363579894106,0.06125688382113969,48.757222745598604,6.526910991873592
this_work,Fish,Masht,30,0.9798095238095238,0.9801343590727828,0.9996422359255409,0.09544762309255009,0.9799857692229853,55.7028141908658,0.5144051486936708,0.05389430805419878,48.78772297889615,6.344226725927244
this_work,FordA,Masht,30,0.9557070707070707,0.9557715685531035,0.9920449000633484,0.11427429779929553,0.9557099972021017,7.6198534053439895,1.2668987435599168,0.10099461637437339,1.5622014441216985,4.6847826008995375
this_work,FordB,Masht,30,0.930082304526749,0.9301539346417981,0.9827682220691141,0.16518379835317434,0.9300787586034562,7.5962441872805355,1.178305789642036,0.09185592097540692,1.551487358349065,4.769930095846454
this_work,FreezerRegularTrain,Masht,30,0.9994853801169591,0.9994853801169591,0.9999981943161999,0.0024962817952381,0.9994853800392024,6.080661136843264,0.7229939055318634,0.0733781008670727,1.2814042415469884,3.9997780195747814
this_work,FreezerSmallTrain,Masht,30,0.9976023391812865,0.9976023391812865,0.9999760172360727,0.019330138949516854,0.9976021714421058,5.5979958177233735,0.49772718803336224,0.07039050726840891,1.2707721929997207,3.7563611935203274
this_work,GunPoint,Masht,30,0.9988888888888888,0.9988975817923187,0.9999940730203888,0.013720278627594977,0.9988888987553314,59.66770977259924,0.08798380785932139,0.019159650305906887,55.152955732556684,4.406549195324382
this_work,GunPointAgeSpan,Masht,30,0.9949367088607595,0.9949412393162392,0.9998771367521367,0.01512428992190208,0.994935994216886,55.1726365910843,0.12234003189951177,0.025487748937060392,48.58066455712542,6.4410244312758245
this_work,GunPointMaleVersusFemale,Masht,30,1.0,1.0,1.0,0.0013565144010399333,1.0,64.34126589062313,0.28115744336197773,0.02890931392709409,56.70415558914343,7.324496514598528
this_work,GunPointOldVersusYoung,Masht,30,1.0,1.0,1.0,2.0099541694580368e-05,1.0,64.03524740164478,0.30382468464473883,0.029169731897612364,56.36132241301239,7.338336190146705
this_work,Ham,Masht,30,0.8168253968253969,0.8161038489469862,0.9033284918905834,0.42120613012658986,0.8160476122312176,62.595811695729694,0.44459808226674796,0.03881996423006054,57.336275760394834,4.774825249736508
this_work,HandOutlines,Masht,30,0.9385585585585585,0.9265241161976672,0.977035415543077,0.1705469315746981,0.9380849634680207,3.9683909241420525,1.597511775729557,0.14770373577872908,1.210926698365559,1.0108082707350452
this_work,Haptics,Masht,30,0.54004329004329,0.5381997001040967,0.8361334114214813,1.1896216228173015,0.5081390084387823,65.48331721189122,1.8535476516311367,0.1517056254049142,56.20774780362844,7.267959424915413
this_work,Herring,Masht,30,0.609375,0.5491902834008097,0.6776990553306343,0.6382375836010314,0.5528348496664174,59.807916091320415,0.18771797393759088,0.03612364480892812,55.26810622668515,4.315106447910269
this_work,HouseTwenty,Masht,30,0.9770308123249299,0.9763381642512078,0.9947053140096619,0.0820462841785811,0.9770406009624045,51.794225757227586,0.9605312014309069,0.14264644142240282,46.85772609363,3.832337722461671
this_work,InlineSkate,Masht,30,0.6348484848484849,0.6502747689753399,0.924986477044426,0.976746518899019,0.631776486318391,66.49464343345413,5.141881001616517,0.3849031182006001,54.23872323328008,6.725542799507578
this_work,InsectEPGRegularTrain,Masht,30,1.0,1.0,1.0,8.122347252791327e-05,1.0,60.15352162818114,0.7045964159692327,0.08304422913740074,55.006669123098256,4.357292104139924
this_work,InsectEPGSmallTrain,Masht,30,1.0,1.0,1.0,0.001417847721240411,1.0,59.7505414697652,0.6049210706725716,0.07691715434193606,54.76981077492237,4.29749255379041
this_work,InsectWingbeatSound,Masht,30,0.6559090909090909,0.655909090909091,0.9577852459783016,0.8945858942974223,0.6494763379659939,5.053673573117703,0.3391529419148961,0.03495794547100857,1.1923091024160386,3.484096288649986
this_work,ItalyPowerDemand,Masht,30,0.9606737933268545,0.9606827145382837,0.9898853957316489,0.12994397006599176,0.9606590081286044,2.0583932507783174,0.0380452681643267,0.00556121300905938,1.148224905723085,0.865027008857578
this_work,LargeKitchenAppliances,Masht,30,0.9439111111111111,0.943911111111111,0.9890158222222222,0.19679816145231294,0.9439527344828076,56.74450006907185,1.5300330181295674,0.12681787743543582,48.52535482219731,6.556955763542404
this_work,Lightning2,Masht,30,0.787431693989071,0.7776515151515151,0.8985209235209235,0.4431591702267494,0.7818975556869483,59.24953396252046,0.2363714183370272,0.05272767581045624,54.762795477733015,4.196898430585861
this_work,Lightning7,Masht,30,0.8187214611872146,0.8088598480327803,0.9718318202725035,0.5518003866568542,0.8185887983182949,60.073870376994215,0.1528598072007298,0.03285886136194065,55.59782527970771,4.289653842896223
this_work,Mallat,Masht,30,0.9726652452025586,0.972671863568539,0.998824377694572,0.07782341471379596,0.9725144543648115,6.004582016542554,1.432572974388798,0.09224068385859324,1.119983100021879,3.3576530108228324
this_work,Meat,Masht,30,0.9861111111111112,0.9861111111111112,0.9996666666666666,0.04602159143127736,0.9860974285878008,51.68565261618544,0.07419615114728605,0.026311820993820786,47.74097928094367,3.843264770569901
this_work,MedicalImages,Masht,30,0.8279824561403508,0.7814723464079272,0.9651340944123679,0.49807606395249526,0.818392493950347,2.271906277909875,0.05858206866929924,0.018326175647477256,1.2109671970829368,0.9831234803423285
this_work,MiddlePhalanxOutlineAgeGroup,Masht,30,0.7318181818181818,0.6638438203093375,0.8511192752958365,0.7721055732819259,0.7084536484172618,64.5165461599206,0.13840934410691258,0.021221128044029033,57.15889052934945,7.1950434668610495
this_work,MiddlePhalanxOutlineCorrect,Masht,30,0.8513172966781215,0.8375044176706827,0.9400032128514055,0.33037809930479056,0.8485674847431747,63.82367332894355,0.20794568639248606,0.03324798407653963,56.31744175255299,7.260671523027122
this_work,MiddlePhalanxTW,Masht,30,0.5926406926406926,0.3973493631971892,0.8687182286905439,1.0099435322254096,0.5358252027907189,64.1560259671261,0.13667839163293438,0.022549319826066446,56.918971417906384,7.074762694972256
this_work,MixedShapesRegularTrain,Masht,30,0.9844398625429552,0.984161637860119,0.9995512525910983,0.052160240613486626,0.9844319715410834,6.853138553413252,1.7054396646718184,0.13626944342007236,1.229557396347324,3.7792678993816176
this_work,MixedShapesSmallTrain,Masht,30,0.9600962199312715,0.9595416917744727,0.9974426949952797,0.12642121675723797,0.9600039723769976,5.155167307363202,0.7853218527821203,0.10346527916068828,1.0989382597307364,3.164312328149875
this_work,MoteStrain,Masht,30,0.9268903088391907,0.9291319511307957,0.9826325181333847,0.19783629607376202,0.9268617655133511,2.1057428060099483,0.059670427814125966,0.0187193581834435,1.1665142938494681,0.8596769730250041
this_work,NonInvasiveFetalECGThorax1,Masht,30,0.9543511450381679,0.951470920497812,0.9991302859205888,0.17971548679534932,0.9539173133625318,5.718873229374489,0.680967179654787,0.11294430637111262,1.2189708444289864,3.700948231946677
this_work,NonInvasiveFetalECGThorax2,Masht,30,0.9634944868532656,0.9598397930794681,0.9992138771210093,0.15092491176546521,0.9634269666937281,7.108865314970414,1.6682109236717224,0.1258364455774426,1.315530633367598,3.9956902358060082
this_work,OSULeaf,Masht,30,0.9787878787878788,0.9804191108810675,0.9986695009486143,0.10174405145184116,0.9787207168595768,65.48780450963726,0.842429134187599,0.06655798318485415,57.23779203376422,7.338637540365259
this_work,OliveOil,Masht,30,0.9133333333333333,0.9011574074074074,0.9819762560484782,0.3170730942696765,0.9085434409306263,50.99450619099662,0.0655137888466318,0.027752363712837253,47.16001524195696,3.7407904877948264
this_work,PhalangesOutlinesCorrect,Masht,30,0.8590909090909091,0.8357887825064516,0.9321951303312108,0.3308394666688495,0.8560898265241081,5.323901986765365,0.21812652206669247,0.02545728050172324,1.3486611713965735,3.7289886848380167
this_work,Phoneme,Masht,30,0.40448312236286915,0.23193559676072287,0.891453442433114,2.1412869174646327,0.3667425341386123,6.329187232814729,1.5620195088908075,0.11515592429786917,1.1756217987587054,3.4741591098407905
this_work,PigAirwayPressure,Masht,30,0.9629807692307693,0.9629807692307693,0.9994705253896431,0.9425280852273326,0.9605152255152255,65.34915531855077,3.4861443055172763,0.22780048952748375,56.82551798913628,4.807912840197484
this_work,PigArtPressure,Masht,30,0.9679487179487178,0.9679487179487178,0.9996496354952238,0.2154312720315361,0.9656399618899619,64.60061499625445,3.6042670028905075,0.19681961437066392,55.99546755949656,4.8020858379080895
this_work,PigCVP,Masht,30,0.9084935897435897,0.9084935897435897,0.9895094896933132,0.8691771074331165,0.9028672749877202,64.26820025934528,3.359547559420268,0.22434529910484946,55.987821021986505,4.694728202434877
this_work,Plane,Masht,30,1.0,1.0,1.0,0.0017640811358074968,1.0,52.81042680181563,0.06005657175555821,0.016771297995001027,48.558689630931866,4.1734130981688695
this_work,PowerCons,Masht,30,0.9724074074074074,0.9724074074074075,0.9953827160493827,0.08999178352445616,0.9723962284432014,63.89128158992777,0.16489808137218154,0.028192597751816074,56.40887987085929,7.287335343162218
this_work,ProximalPhalanxOutlineAgeGroup,Masht,30,0.8521951219512195,0.8190799168152109,0.9533754029757961,0.3547680463722542,0.8559189119553225,65.75706954710185,0.15335133448243138,0.022950283437967258,58.135163569512464,7.442249558866024
this_work,ProximalPhalanxOutlineCorrect,Masht,30,0.8995418098510882,0.8568057679702862,0.94875737382565,0.25866256021517514,0.896072860217606,65.10556586974612,0.2301236858591437,0.03094239489485815,57.270625863286355,7.569099535482625
this_work,ProximalPhalanxTW,Masht,30,0.8115447154471546,0.576780679933665,0.9646061501521326,0.4747496835601492,0.7868681996987533,65.4961282055204,0.15938818237433827,0.025115051182607765,57.87368160095066,7.434365785991152
this_work,RefrigerationDevices,Masht,30,0.8021333333333334,0.8021333333333334,0.933863111111111,0.5156900526738174,0.80041664986605,57.12080563129857,1.6487227624282241,0.16208576057106253,48.76840681328128,6.536466861329973
this_work,Rock,Masht,30,0.8706666666666667,0.8845899470899471,0.9751248770697887,0.4108384114711219,0.8686758076676754,60.86225302188347,0.7659861429904898,0.15118852990369,55.62245541289449,4.322265549873312
this_work,ScreenType,Masht,30,0.7183111111111111,0.7183111111111111,0.8850922666666665,0.6661159810699306,0.7162248131994884,66.85328590938201,2.3504083840176464,0.15690349986155824,57.03470713272691,7.306898754214247
this_work,SemgHandGenderCh2,Masht,30,0.9711666666666667,0.9716666666666666,0.9972214082214083,0.0915264170128216,0.9712625939764391,72.15220265922447,5.833778512602051,0.486846460091571,58.180788938328625,7.646446779246132
this_work,SemgHandMovementCh2,Masht,30,0.9022962962962963,0.9022962962962963,0.9919569382716049,0.3178376064712965,0.9019329324937988,72.29102161390087,7.883673579680423,0.5066222320621212,56.45395400648316,7.439635254008075
this_work,SemgHandSubjectCh2,Masht,30,0.9564444444444445,0.9564444444444445,0.9971004115226338,0.17202066320397805,0.9563089504007672,59.7843352115713,4.52209352934733,0.43396459026262163,48.1818267059202,6.641115906772514
this_work,ShapeletSim,Masht,30,1.0,1.0,1.0,0.0022385892192076534,1.0,60.972402375688155,0.46778756448378167,0.06303205204506711,56.07670951069643,4.363883462982873
this_work,ShapesAll,Masht,30,0.9315555555555555,0.9315555555555555,0.9987311676082862,0.31339829181558937,0.9306955013357868,2.8316247535248595,0.3219137765467167,0.04347831898679331,1.3021351534252366,1.1630130377908547
this_work,SmallKitchenAppliances,Masht,30,0.8507555555555555,0.8507555555555556,0.9595143111111111,0.3877965992051833,0.8508861856680634,66.78539826956889,2.2002077619855602,0.16662563458085058,57.05733743738383,7.35725001351287
this_work,SmoothSubspace,Masht,30,0.9784444444444446,0.9784444444444443,0.9985822222222221,0.1358950248198781,0.9783099857856539,63.074993675698835,0.024116248389085094,0.01246906220912928,57.96472607062508,5.07204284928739
this_work,SonyAIBORobotSurface1,Masht,30,0.9637825845812534,0.9670695188374353,0.9977727303546003,0.11744051805528949,0.963897489028766,61.710420415736735,0.13895877438286938,0.02953571584075684,54.7905608261625,6.748011173183719
this_work,SonyAIBORobotSurface2,Masht,30,0.95033228401539,0.9468837169571025,0.990231727394154,0.16135140715853277,0.9502409989739621,83.45694794598967,0.2911112145831188,0.03578905239701267,75.72301059160381,7.401128338898221
this_work,StarLightCurves,Masht,30,0.9808766391452161,0.9618901979411034,0.9956909126897739,0.06608774678261876,0.9805640598757821,12.065006321482361,5.13841314756622,0.2794555269181728,1.2336972491815685,5.40404617022723
this_work,Strawberry,Masht,30,0.9772972972972973,0.9763358373652492,0.9950815932433579,0.07613059744017943,0.9773137215018382,64.77982521584879,0.8732648464540641,0.0664645363266269,56.480880608658,7.354175102710724
this_work,SwedishLeaf,Masht,30,0.9732266666666667,0.9744143700468751,0.9995173395688393,0.10001881839447377,0.9730442283507494,2.2620060722343625,0.08024324687818682,0.016327080037444784,1.1957142110913992,0.9682709058125814
this_work,Symbols,Masht,30,0.9738023450586264,0.9746355095578142,0.9990571944037111,0.08430052800749695,0.9738748832460022,2.3979722409198683,0.21758010530223446,0.036502948030829395,1.2776927957311273,0.8651853849490484
this_work,SyntheticControl,Masht,30,0.9944444444444446,0.9944444444444446,0.9999475555555556,0.04116719369409857,0.9944412731984773,65.40528288179388,0.12068646519134438,0.026506010691324817,57.8144776188458,7.440266330850621
this_work,ToeSegmentation1,Masht,30,0.9425438596491228,0.942283950617284,0.9897247942386831,0.15188550783638005,0.9424861886339324,52.02752514018987,0.18811370575179653,0.03581186228742197,47.91071632858366,3.8912243407219647
this_work,ToeSegmentation2,Masht,30,0.9428205128205128,0.9606394129979036,0.9931865828092243,0.14309059217152964,0.945612081287923,60.33223841867099,0.19668840486556288,0.03347097318619486,55.7433922311912,4.357815741623441
this_work,Trace,Masht,30,1.0,1.0,1.0,4.040070871593307e-05,1.0,60.4315533393994,0.2479557927077015,0.035795357264578304,55.784567152770855,4.3617178349445265
this_work,TwoLeadECG,Masht,30,0.9977465613110916,0.9977479727438104,0.9999758476448884,0.019885084647297283,0.9977465169143068,2.011200840336581,0.0531232114260395,0.01616847043236092,1.1747060848399997,0.7660729496429364
this_work,TwoPatterns,Masht,30,0.9999666666666667,0.9999663173099809,0.9999999808360085,0.006530037980985593,0.9999666665134288,5.983631783537566,0.3168162981669108,0.06066207513213153,1.2786453004305562,4.322971601349612
this_work,UMD,Masht,30,0.9881944444444444,0.9881944444444444,0.9972728587962963,0.08356536899034896,0.9881391434306984,59.85828820907821,0.16941755041480058,0.020081916203101426,55.355576606094836,4.312322867910067
this_work,UWaveGestureLibraryAll,Masht,30,0.9760655127489298,0.9760387888244826,0.9990656922917334,0.1063956559405263,0.9760165814244508,6.456918052366624,1.1037248719483614,0.17070799485469854,1.221988077275455,3.9558052838159106
this_work,UWaveGestureLibraryX,Masht,30,0.8710589986971897,0.8698259512960139,0.9847889647704394,0.34291914603092555,0.8697813396654772,6.885951194353401,0.7390092737972737,0.07768830607334769,1.2849488698566953,4.779988909016053
this_work,UWaveGestureLibraryY,Masht,30,0.8117252931323283,0.8123715113754044,0.9772471254613866,0.5424817155088923,0.8099457083775158,6.901916568850478,0.7374635783955454,0.07662519079943493,1.3209198497856656,4.762506196151177
this_work,UWaveGestureLibraryZ,Masht,30,0.8257305043737204,0.82712695773746,0.9813903497900974,0.44425066343476965,0.823667078976559,6.239466547903915,0.486697518111517,0.06084331258510545,1.2055934617606303,4.479696438771983
this_work,Wafer,Masht,30,0.9999513303049967,0.9997744360902255,0.9999999908846494,0.00039951183066152005,0.9999512890842525,7.591358022081355,0.5528635766357184,0.07909539956599469,1.3196100251128275,5.632742864017685
this_work,Wine,Masht,30,0.9024691358024691,0.9024691358024691,0.9733424782807499,0.2660491075957576,0.901186644588661,59.65032876885186,0.08224729280918833,0.020810808179279126,55.213385204536216,4.33310009619842
this_work,WordSynonyms,Masht,30,0.7731452455590387,0.6400945670634044,0.981981695064749,0.8969473819132353,0.7574968038947302,56.37323537087068,0.5232490641375382,0.0608098184689879,49.23329970942189,6.549486841789136
this_work,Worms,Masht,30,0.7844155844155843,0.7533682983682984,0.9502034717307312,0.5244397642040067,0.7815755268753357,54.298198427880806,0.7472582426543037,0.08565702034781372,49.150453221332285,4.312963625819733
this_work,WormsTwoClass,Masht,30,0.7939393939393941,0.7762626262626263,0.9087006427915518,0.37004471802183814,0.7887751636340261,62.57478964763383,0.9729860689491033,0.0954156120618184,56.61712103082488,4.8877991454675795
this_work,Yoga,Masht,30,0.9270444444444444,0.9262076673705446,0.9799514730734301,0.2127617007560805,0.9269982696822613,6.383143486517171,0.7526015068714818,0.07942212093621488,1.303431976089875,4.244187052485843
